{"stats":{"minecraft:used":{"minecraft:dirt":4,"minecraft:written_book":1},"minecraft:killed_by":{"minecraft:skeleton":3,"minecraft:creeper":1,"minecraft:zombie":1},"minecraft:picked_up":{"minecraft:birch_log":8,"minecraft:crafting_table":1,"minecraft:arrow":1,"minecraft:bone":2,"minecraft:torch":15,"minecraft:cooked_chicken":1,"minecraft:oak_log":8,"minecraft:written_book":1,"minecraft:dirt":6,"minecraft:cobblestone":32,"minecraft:furnace":1},"minecraft:mined":{"minecraft:oak_log":8,"minecraft:grass_block":2,"minecraft:dirt":4,"minecraft:birch_log":8,"minecraft:birch_leaves":3,"minecraft:oak_leaves":1},"minecraft:custom":{"minecraft:open_chest":1,"minecraft:time_since_rest":10133,"minecraft:play_one_minute":17625,"minecraft:crouch_one_cm":537,"minecraft:sprint_one_cm":61,"minecraft:walk_one_cm":57118,"minecraft:damage_taken":1445,"minecraft:deaths":5,"minecraft:sneak_time":183,"minecraft:jump":76,"minecraft:damage_dealt":142,"minecraft:time_since_death":10087,"minecraft:fall_one_cm":1234,"minecraft:fly_one_cm":1413}},"DataVersion":2586}