{"stats":{"minecraft:broken":{"minecraft:stone_axe":1},"minecraft:killed":{"minecraft:pig":1,"minecraft:spider":1,"minecraft:wandering_trader":1,"minecraft:skeleton":2,"minecraft:pillager":1,"minecraft:zombie":3,"minecraft:chicken":1,"minecraft:player":1,"minecraft:cow":1},"minecraft:killed_by":{"minecraft:player":16,"minecraft:skeleton":11,"minecraft:creeper":4,"minecraft:zombie":6},"minecraft:dropped":{"minecraft:cooked_chicken":1},"minecraft:mined":{"minecraft:dark_oak_log":122,"minecraft:torch":3,"minecraft:grass_block":22,"minecraft:mushroom_stem":8,"minecraft:oak_planks":15,"minecraft:wall_torch":1,"minecraft:birch_planks":3,"minecraft:birch_log":32,"minecraft:birch_leaves":4,"minecraft:grass":4,"minecraft:oak_log":35,"minecraft:cocoa":4,"minecraft:end_rod":8,"minecraft:gravel":2,"minecraft:dirt":5,"minecraft:red_mushroom_block":39,"minecraft:oak_leaves":7},"minecraft:picked_up":{"minecraft:birch_log":40,"minecraft:cocoa_beans":24,"minecraft:crafting_table":2,"minecraft:chicken":1,"minecraft:red_mushroom":12,"minecraft:birch_planks":3,"minecraft:oak_log":47,"minecraft:string":2,"minecraft:paper":5,"minecraft:dirt":51,"minecraft:cooked_mutton":2,"minecraft:bone":7,"minecraft:wheat_seeds":1,"minecraft:beef":1,"minecraft:cooked_chicken":2,"minecraft:written_book":3,"minecraft:poppy":2,"minecraft:oak_planks":35,"minecraft:furnace":2,"minecraft:stick":2,"minecraft:cooked_porkchop":6,"minecraft:torch":42,"minecraft:gravel":2,"minecraft:porkchop":2,"minecraft:white_bed":1,"minecraft:dark_oak_log":116,"minecraft:arrow":6,"minecraft:stone_sword":2,"minecraft:rotten_flesh":18,"minecraft:stone_axe":2,"minecraft:end_rod":18,"minecraft:oak_button":28,"minecraft:cobblestone":73},"minecraft:used":{"minecraft:stone_sword":88,"minecraft:oak_planks":193,"minecraft:stone_hoe":45,"minecraft:torch":9,"minecraft:dirt":4,"minecraft:crafting_table":2,"minecraft:white_bed":1,"minecraft:oak_log":1,"minecraft:gravel":2,"minecraft:stone_axe":261,"minecraft:written_book":1},"minecraft:crafted":{"minecraft:oak_planks":200,"minecraft:cooked_porkchop":6,"minecraft:crafting_table":1,"minecraft:stone_axe":3,"minecraft:stick":8,"minecraft:stone_sword":1,"minecraft:oak_button":15,"minecraft:stone_hoe":1},"minecraft:custom":{"minecraft:interact_with_furnace":1,"minecraft:inspect_dropper":1,"minecraft:mob_kills":11,"minecraft:interact_with_crafting_table":10,"minecraft:play_one_minute":136893,"minecraft:interact_with_loom":1,"minecraft:leave_game":2,"minecraft:time_since_death":985,"minecraft:sleep_in_bed":8,"minecraft:climb_one_cm":8463,"minecraft:time_since_rest":1014,"minecraft:sprint_one_cm":208066,"minecraft:damage_taken":11607,"minecraft:walk_one_cm":473101,"minecraft:drop":1,"minecraft:damage_dealt":2622,"minecraft:fly_one_cm":36743,"minecraft:player_kills":1,"minecraft:open_chest":12,"minecraft:crouch_one_cm":2304,"minecraft:deaths":40,"minecraft:sneak_time":1357,"minecraft:walk_under_water_one_cm":2108,"minecraft:jump":903,"minecraft:walk_on_water_one_cm":3146,"minecraft:fall_one_cm":28994}},"DataVersion":2586}