{"stats":{"minecraft:custom":{"minecraft:time_since_rest":1258,"minecraft:open_chest":3,"minecraft:crouch_one_cm":78,"minecraft:play_one_minute":4589,"minecraft:sprint_one_cm":5424,"minecraft:walk_one_cm":17337,"minecraft:damage_taken":358,"minecraft:deaths":1,"minecraft:sneak_time":378,"minecraft:walk_under_water_one_cm":1342,"minecraft:mob_kills":1,"minecraft:jump":47,"minecraft:damage_dealt":160,"minecraft:time_since_death":1232,"minecraft:walk_on_water_one_cm":613,"minecraft:interact_with_crafting_table":2,"minecraft:fly_one_cm":1350},"minecraft:mined":{"minecraft:oak_log":2,"minecraft:potatoes":3,"minecraft:red_wool":5,"minecraft:oak_leaves":5,"minecraft:tripwire":1},"minecraft:used":{"minecraft:string":1},"minecraft:picked_up":{"minecraft:red_wool":3,"minecraft:potato":8,"minecraft:written_book":1,"minecraft:oak_log":2,"minecraft:string":1},"minecraft:killed":{"minecraft:spider":1}},"DataVersion":2586}