{"stats":{"minecraft:killed":{"minecraft:pig":10,"minecraft:spider":3,"minecraft:sheep":9,"minecraft:skeleton":5,"minecraft:pillager":5,"minecraft:zombie":11,"minecraft:chicken":5,"minecraft:player":2,"minecraft:cow":9},"minecraft:broken":{"minecraft:stone_pickaxe":3,"minecraft:stone_sword":1,"minecraft:stone_shovel":1,"minecraft:wooden_pickaxe":1},"minecraft:crafted":{"minecraft:cooked_beef":12,"minecraft:red_dye":2,"minecraft:oak_planks":44,"minecraft:stone_shovel":1,"minecraft:crafting_table":3,"minecraft:cooked_chicken":3,"minecraft:wooden_pickaxe":1,"minecraft:red_bed":1,"minecraft:furnace":5,"minecraft:loom":1,"minecraft:birch_planks":76,"minecraft:stone_axe":1,"minecraft:cooked_mutton":13,"minecraft:air":0,"minecraft:iron_chestplate":1,"minecraft:shield":1,"minecraft:stick":64,"minecraft:iron_ingot":56,"minecraft:iron_pickaxe":1,"minecraft:stone_pickaxe":4,"minecraft:stone_sword":2,"minecraft:chest":2,"minecraft:iron_leggings":1,"minecraft:white_bed":1,"minecraft:torch":68},"minecraft:mined":{"minecraft:white_bed":1,"minecraft:red_bed":2,"minecraft:torch":37,"minecraft:crafting_table":5,"minecraft:granite":1,"minecraft:grass_block":118,"minecraft:poppy":1,"minecraft:rose_bush":1,"minecraft:tall_grass":1,"minecraft:cobblestone":4,"minecraft:oak_planks":2,"minecraft:sugar_cane":2,"minecraft:diorite":3,"minecraft:sandstone":2,"minecraft:wall_torch":12,"minecraft:birch_planks":17,"minecraft:furnace":1,"minecraft:birch_log":20,"minecraft:iron_ore":67,"minecraft:lilac":1,"minecraft:spruce_log":7,"minecraft:birch_leaves":1,"minecraft:andesite":1,"minecraft:pumpkin":3,"minecraft:grass":28,"minecraft:coal_ore":85,"minecraft:oak_log":22,"minecraft:sand":6,"minecraft:dirt":35,"minecraft:stone":306,"minecraft:white_banner":1,"minecraft:oak_leaves":11},"minecraft:dropped":{"minecraft:iron_ingot":19,"minecraft:wheat_seeds":1,"minecraft:stone_sword":1,"minecraft:torch":33,"minecraft:stone_pickaxe":1,"minecraft:beef":5,"minecraft:black_wool":1,"minecraft:egg":1},"minecraft:killed_by":{"minecraft:player":1,"minecraft:skeleton":3,"minecraft:creeper":3,"minecraft:spider":2,"minecraft:zombie":2,"minecraft:pillager":1,"minecraft:enderman":1},"minecraft:custom":{"minecraft:interact_with_furnace":27,"minecraft:mob_kills":57,"minecraft:interact_with_crafting_table":22,"minecraft:interact_with_loom":2,"minecraft:play_one_minute":187270,"minecraft:leave_game":11,"minecraft:time_since_death":34722,"minecraft:sleep_in_bed":8,"minecraft:time_since_rest":16200,"minecraft:sprint_one_cm":354058,"minecraft:damage_taken":5981,"minecraft:walk_one_cm":472691,"minecraft:damage_blocked_by_shield":340,"minecraft:drop":9,"minecraft:damage_dealt":8625,"minecraft:swim_one_cm":3608,"minecraft:player_kills":2,"minecraft:fly_one_cm":247136,"minecraft:open_chest":5,"minecraft:crouch_one_cm":10685,"minecraft:deaths":13,"minecraft:sneak_time":3643,"minecraft:walk_under_water_one_cm":4533,"minecraft:jump":2065,"minecraft:walk_on_water_one_cm":14110,"minecraft:fall_one_cm":41496},"minecraft:picked_up":{"minecraft:birch_log":19,"minecraft:crafting_table":5,"minecraft:feather":3,"minecraft:chicken":5,"minecraft:leather":6,"minecraft:wooden_pickaxe":1,"minecraft:birch_planks":16,"minecraft:oak_log":22,"minecraft:dirt":167,"minecraft:string":5,"minecraft:red_bed":2,"minecraft:white_banner":3,"minecraft:bone":7,"minecraft:wheat_seeds":1,"minecraft:beef":17,"minecraft:stone_pickaxe":2,"minecraft:iron_ore":68,"minecraft:rose_bush":1,"minecraft:poppy":1,"minecraft:sugar_cane":4,"minecraft:birch_sapling":1,"minecraft:furnace":1,"minecraft:egg":2,"minecraft:stick":7,"minecraft:sandstone":2,"minecraft:pumpkin":3,"minecraft:torch":55,"minecraft:porkchop":23,"minecraft:sand":6,"minecraft:diorite":3,"minecraft:white_bed":1,"minecraft:spruce_log":6,"minecraft:stone_sword":1,"minecraft:arrow":5,"minecraft:rotten_flesh":16,"minecraft:granite":1,"minecraft:oak_sapling":3,"minecraft:black_wool":1,"minecraft:mutton":13,"minecraft:coal":84,"minecraft:white_wool":8,"minecraft:cobblestone":307},"minecraft:used":{"minecraft:cooked_mutton":10,"minecraft:diorite":1,"minecraft:stone_sword":247,"minecraft:birch_planks":23,"minecraft:stone_pickaxe":453,"minecraft:stone_shovel":133,"minecraft:oak_planks":2,"minecraft:wooden_pickaxe":48,"minecraft:chest":2,"minecraft:shield":7,"minecraft:cooked_chicken":3,"minecraft:rotten_flesh":16,"minecraft:torch":59,"minecraft:dirt":92,"minecraft:loom":1,"minecraft:crafting_table":8,"minecraft:red_bed":3,"minecraft:white_bed":1,"minecraft:iron_pickaxe":12,"minecraft:stone_axe":74,"minecraft:cobblestone":37,"minecraft:furnace":6,"minecraft:white_banner":2,"minecraft:egg":1,"minecraft:cooked_beef":12}},"DataVersion":2586}