{"stats":{"minecraft:picked_up":{"minecraft:birch_door":3,"minecraft:wheat":34,"minecraft:stone_slab":12,"minecraft:oak_stairs":29,"minecraft:brown_bed":3,"minecraft:stone_brick_stairs":12,"minecraft:string":190,"minecraft:dark_oak_trapdoor":2,"minecraft:beetroot":1,"minecraft:gold_nugget":1,"minecraft:bucket":1,"minecraft:red_dye":2,"minecraft:rose_bush":1,"minecraft:written_book":6,"minecraft:iron_pickaxe":5,"minecraft:furnace":12,"minecraft:dark_oak_door":1,"minecraft:stick":42,"minecraft:oak_fence":24,"minecraft:torch":175,"minecraft:porkchop":56,"minecraft:diorite":32,"minecraft:stone_sword":2,"minecraft:rotten_flesh":129,"minecraft:end_rod":22,"minecraft:snowball":89,"minecraft:cobblestone":2450,"minecraft:birch_log":19,"minecraft:feather":41,"minecraft:water_bucket":1,"minecraft:andesite":101,"minecraft:potato":1453,"minecraft:flint":4,"minecraft:dirt":1073,"minecraft:lantern":1,"minecraft:name_tag":2,"minecraft:glass":1,"minecraft:bone":49,"minecraft:bow":2,"minecraft:wheat_seeds":160,"minecraft:oak_planks":66,"minecraft:cooked_porkchop":23,"minecraft:poisonous_potato":9,"minecraft:sand":38,"minecraft:grass_block":1,"minecraft:loom":2,"minecraft:dark_oak_log":119,"minecraft:granite":29,"minecraft:bread":64,"minecraft:oak_sapling":16,"minecraft:dark_oak_fence":33,"minecraft:oak_leaves":19,"minecraft:charcoal":14,"minecraft:crafting_table":21,"minecraft:chicken":11,"minecraft:wooden_pickaxe":4,"minecraft:stone_brick_wall":14,"minecraft:oak_trapdoor":2,"minecraft:red_bed":4,"minecraft:iron_axe":1,"minecraft:detector_rail":8,"minecraft:beef":42,"minecraft:player_head":3,"minecraft:iron_nugget":2,"minecraft:poppy":4,"minecraft:minecart":2,"minecraft:chest":22,"minecraft:sugar_cane":21,"minecraft:birch_sapling":4,"minecraft:phantom_membrane":1,"minecraft:egg":4,"minecraft:sandstone":60,"minecraft:stone":4,"minecraft:redstone":60,"minecraft:dark_oak_planks":53,"minecraft:arrow":40,"minecraft:beetroot_seeds":4,"minecraft:saddle":2,"minecraft:mutton":25,"minecraft:rail":377,"minecraft:white_wool":30,"minecraft:smooth_red_sandstone":1,"minecraft:leather":37,"minecraft:birch_planks":55,"minecraft:oak_log":327,"minecraft:cobblestone_wall":5,"minecraft:paper":6,"minecraft:white_banner":8,"minecraft:smooth_sandstone":4,"minecraft:stone_bricks":33,"minecraft:red_sandstone":2,"minecraft:cooked_chicken":1,"minecraft:iron_ingot":12,"minecraft:stone_pickaxe":5,"minecraft:cobweb":20,"minecraft:iron_ore":349,"minecraft:iron_sword":1,"minecraft:dark_oak_stairs":4,"minecraft:oak_slab":10,"minecraft:dark_oak_slab":20,"minecraft:pumpkin":12,"minecraft:stone_brick_slab":15,"minecraft:gravel":29,"minecraft:birch_stairs":4,"minecraft:white_bed":3,"minecraft:spruce_log":18,"minecraft:gold_ore":9,"minecraft:dark_oak_fence_gate":5,"minecraft:spider_eye":12,"minecraft:leather_helmet":2,"minecraft:pumpkin_seeds":4,"minecraft:oak_button":5,"minecraft:baked_potato":1,"minecraft:black_wool":2,"minecraft:coal":343,"minecraft:ender_pearl":1},"minecraft:dropped":{"minecraft:iron_sword":1,"minecraft:birch_planks":10,"minecraft:porkchop":16,"minecraft:cooked_beef":9,"minecraft:oak_log":28,"minecraft:crafting_table":1,"minecraft:dark_oak_slab":14,"minecraft:flint":2,"minecraft:dirt":103,"minecraft:dark_oak_fence":1,"minecraft:snowball":41,"minecraft:gold_nugget":1,"minecraft:bone_meal":27,"minecraft:iron_pickaxe":4,"minecraft:bone":9,"minecraft:gravel":8,"minecraft:dark_oak_door":1,"minecraft:cooked_chicken":1,"minecraft:birch_sapling":1,"minecraft:rotten_flesh":10,"minecraft:oak_planks":20,"minecraft:cooked_mutton":6,"minecraft:white_bed":1,"minecraft:poppy":1,"minecraft:beetroot_seeds":1,"minecraft:stone_brick_wall":4,"minecraft:birch_door":1,"minecraft:arrow":6,"minecraft:beef":5,"minecraft:written_book":1,"minecraft:egg":1,"minecraft:iron_ingot":19,"minecraft:wheat_seeds":24,"minecraft:poisonous_potato":2,"minecraft:feather":15,"minecraft:oak_fence":14,"minecraft:cobblestone":567,"minecraft:granite":15,"minecraft:end_rod":7,"minecraft:diorite":9,"minecraft:torch":49,"minecraft:oak_stairs":20,"minecraft:pumpkin":3,"minecraft:iron_axe":1,"minecraft:string":2,"minecraft:smooth_sandstone":1,"minecraft:bucket":2,"minecraft:furnace":1,"minecraft:stone_sword":2,"minecraft:chicken":1,"minecraft:stone_slab":12,"minecraft:flint_and_steel":1,"minecraft:potato":6,"minecraft:oak_button":1,"minecraft:andesite":39,"minecraft:oak_sapling":4,"minecraft:brown_bed":1,"minecraft:spider_eye":4,"minecraft:spruce_log":6,"minecraft:sandstone":15,"minecraft:stone_pickaxe":2,"minecraft:wooden_pickaxe":1,"minecraft:black_wool":1},"minecraft:mined":{"minecraft:dark_oak_planks":57,"minecraft:white_bed":3,"minecraft:farmland":11,"minecraft:granite":17,"minecraft:grass_block":517,"minecraft:stone_brick_wall":4,"minecraft:spawner":4,"minecraft:dark_oak_trapdoor":2,"minecraft:iron_ore":349,"minecraft:pumpkin":3,"minecraft:dark_oak_stairs":4,"minecraft:brown_bed":4,"minecraft:smooth_red_sandstone":1,"minecraft:oak_stairs":25,"minecraft:white_banner":1,"minecraft:red_bed":4,"minecraft:player_wall_head":2,"minecraft:torch":99,"minecraft:poppy":1,"minecraft:chest":22,"minecraft:mushroom_stem":2,"minecraft:glass":8,"minecraft:cobblestone":263,"minecraft:sugar_cane":13,"minecraft:oak_planks":64,"minecraft:wall_torch":43,"minecraft:dark_oak_slab":16,"minecraft:dark_oak_door":1,"minecraft:birch_log":20,"minecraft:wheat":46,"minecraft:lilac":1,"minecraft:birch_door":3,"minecraft:stone_brick_stairs":13,"minecraft:grass":71,"minecraft:oak_log":311,"minecraft:beetroots":1,"minecraft:loom":2,"minecraft:sand":40,"minecraft:dirt":308,"minecraft:red_mushroom_block":3,"minecraft:oak_leaves":71,"minecraft:dark_oak_leaves":5,"minecraft:dark_oak_log":115,"minecraft:dark_oak_fence":32,"minecraft:sandstone":15,"minecraft:redstone_ore":19,"minecraft:oak_trapdoor":2,"minecraft:furnace":12,"minecraft:red_sandstone":3,"minecraft:snow":69,"minecraft:dark_oak_fence_gate":5,"minecraft:andesite":79,"minecraft:potatoes":436,"minecraft:rail":186,"minecraft:lantern":1,"minecraft:stone":2392,"minecraft:oak_slab":6,"minecraft:birch_stairs":1,"minecraft:stone_brick_slab":6,"minecraft:oak_fence":10,"minecraft:smooth_sandstone":1,"minecraft:crafting_table":21,"minecraft:rose_bush":1,"minecraft:campfire":4,"minecraft:stone_slab":1,"minecraft:tall_grass":10,"minecraft:diorite":41,"minecraft:birch_planks":19,"minecraft:cobblestone_wall":5,"minecraft:spruce_log":7,"minecraft:birch_leaves":1,"minecraft:grass_path":2,"minecraft:white_wall_banner":4,"minecraft:coal_ore":251,"minecraft:end_rod":8,"minecraft:gravel":20,"minecraft:cobweb":137,"minecraft:oak_button":1,"minecraft:stone_bricks":33,"minecraft:gold_ore":9},"minecraft:killed_by":{"minecraft:creeper":8,"minecraft:pillager":1,"minecraft:ravager":2,"minecraft:vindicator":2,"minecraft:cave_spider":3,"minecraft:zombie":6,"minecraft:vex":1,"minecraft:endermite":2,"minecraft:player":10,"minecraft:spider":4,"minecraft:enderman":2,"minecraft:iron_golem":2,"minecraft:skeleton":9},"minecraft:killed":{"minecraft:cave_spider":10,"minecraft:zombified_piglin":1,"minecraft:spider":17,"minecraft:shulker":2,"minecraft:skeleton":27,"minecraft:chicken":9,"minecraft:pig":24,"minecraft:creeper":1,"minecraft:sheep":16,"minecraft:pillager":8,"minecraft:zombie":80,"minecraft:cow":19,"minecraft:phantom":1,"minecraft:player":23,"minecraft:enderman":1},"minecraft:broken":{"minecraft:iron_shovel":2,"minecraft:iron_boots":2,"minecraft:iron_chestplate":2,"minecraft:iron_leggings":2,"minecraft:stone_pickaxe":4,"minecraft:stone_axe":1,"minecraft:iron_sword":4,"minecraft:stone_shovel":2,"minecraft:leather_helmet":1,"minecraft:stone_sword":2,"minecraft:wooden_pickaxe":1,"minecraft:shield":2,"minecraft:iron_axe":2,"minecraft:iron_pickaxe":12,"minecraft:iron_helmet":2},"minecraft:crafted":{"minecraft:oak_planks":316,"minecraft:cooked_chicken":6,"minecraft:loom":1,"minecraft:stone":164,"minecraft:cooked_mutton":25,"minecraft:glass":23,"minecraft:dark_oak_door":3,"minecraft:stone_brick_slab":24,"minecraft:iron_boots":2,"minecraft:written_book":2,"minecraft:chest":6,"minecraft:birch_door":3,"minecraft:stone_bricks":160,"minecraft:oak_fence":30,"minecraft:oak_slab":6,"minecraft:cooked_porkchop":17,"minecraft:crafting_table":5,"minecraft:wooden_pickaxe":1,"minecraft:iron_helmet":2,"minecraft:baked_potato":98,"minecraft:birch_planks":76,"minecraft:campfire":20,"minecraft:stone_brick_stairs":12,"minecraft:dark_oak_slab":78,"minecraft:iron_chestplate":3,"minecraft:shield":3,"minecraft:stick":252,"minecraft:stone_slab":6,"minecraft:iron_ingot":298,"minecraft:iron_pickaxe":13,"minecraft:stone_sword":2,"minecraft:gold_ingot":8,"minecraft:dark_oak_fence_gate":6,"minecraft:birch_stairs":8,"minecraft:shears":1,"minecraft:stone_shovel":2,"minecraft:stone_brick_wall":18,"minecraft:iron_nugget":81,"minecraft:furnace":5,"minecraft:dark_oak_trapdoor":4,"minecraft:bone_meal":30,"minecraft:oak_trapdoor":10,"minecraft:flint_and_steel":1,"minecraft:lantern":9,"minecraft:dark_oak_fence":27,"minecraft:iron_axe":4,"minecraft:iron_hoe":1,"minecraft:stone_pickaxe":4,"minecraft:cobblestone_wall":18,"minecraft:dark_oak_planks":348,"minecraft:cooked_beef":37,"minecraft:red_dye":2,"minecraft:dark_oak_stairs":16,"minecraft:iron_sword":5,"minecraft:red_bed":1,"minecraft:leather_helmet":1,"minecraft:bucket":4,"minecraft:stone_axe":2,"minecraft:air":0,"minecraft:oak_stairs":24,"minecraft:iron_shovel":3,"minecraft:iron_leggings":3,"minecraft:white_bed":2,"minecraft:torch":228},"minecraft:used":{"minecraft:iron_shovel":627,"minecraft:chest":28,"minecraft:shield":168,"minecraft:stone":1,"minecraft:iron_sword":1287,"minecraft:player_head":2,"minecraft:rotten_flesh":36,"minecraft:snowball":48,"minecraft:glass":12,"minecraft:lava_bucket":10,"minecraft:lantern":10,"minecraft:grass_block":1,"minecraft:dark_oak_slab":71,"minecraft:stone_brick_stairs":22,"minecraft:stone_bricks":127,"minecraft:written_book":2,"minecraft:furnace":16,"minecraft:beetroot_seeds":2,"minecraft:egg":1,"minecraft:potato":443,"minecraft:dark_oak_stairs":16,"minecraft:diorite":21,"minecraft:end_rod":2,"minecraft:stone_pickaxe":542,"minecraft:oak_planks":91,"minecraft:wooden_pickaxe":48,"minecraft:sugar_cane":3,"minecraft:oak_leaves":4,"minecraft:dark_oak_trapdoor":6,"minecraft:sand":6,"minecraft:loom":3,"minecraft:smooth_red_sandstone":1,"minecraft:stone_brick_wall":8,"minecraft:shears":42,"minecraft:red_sandstone":2,"minecraft:dark_oak_log":25,"minecraft:bread":34,"minecraft:gravel":6,"minecraft:dark_oak_fence":59,"minecraft:andesite":12,"minecraft:oak_fence":33,"minecraft:oak_trapdoor":12,"minecraft:stone_sword":274,"minecraft:stone_shovel":266,"minecraft:cooked_chicken":6,"minecraft:torch":319,"minecraft:dirt":668,"minecraft:cobblestone_wall":22,"minecraft:granite":11,"minecraft:birch_door":4,"minecraft:iron_hoe":168,"minecraft:stone_brick_slab":17,"minecraft:dark_oak_planks":144,"minecraft:iron_axe":730,"minecraft:oak_stairs":33,"minecraft:cooked_beef":28,"minecraft:brown_bed":2,"minecraft:cooked_mutton":19,"minecraft:wheat_seeds":62,"minecraft:water_bucket":25,"minecraft:birch_planks":39,"minecraft:baked_potato":19,"minecraft:oak_slab":8,"minecraft:crafting_table":24,"minecraft:red_bed":5,"minecraft:white_bed":3,"minecraft:campfire":14,"minecraft:dark_oak_fence_gate":11,"minecraft:dark_oak_door":3,"minecraft:oak_log":123,"minecraft:oak_button":2,"minecraft:iron_pickaxe":3206,"minecraft:stone_slab":1,"minecraft:stone_axe":110,"minecraft:cobblestone":1289,"minecraft:white_banner":7,"minecraft:cooked_porkchop":40,"minecraft:bucket":35,"minecraft:birch_stairs":6},"minecraft:custom":{"minecraft:interact_with_crafting_table":148,"minecraft:open_shulker_box":3,"minecraft:bell_ring":19,"minecraft:leave_game":37,"minecraft:time_since_death":248,"minecraft:sprint_one_cm":2086477,"minecraft:damage_blocked_by_shield":4714,"minecraft:drop":372,"minecraft:talked_to_villager":8,"minecraft:deaths":57,"minecraft:jump":7669,"minecraft:walk_on_water_one_cm":68390,"minecraft:interact_with_furnace":174,"minecraft:traded_with_villager":2,"minecraft:play_one_minute":1038041,"minecraft:interact_with_loom":4,"minecraft:sleep_in_bed":40,"minecraft:damage_dealt":44214,"minecraft:player_kills":23,"minecraft:crouch_one_cm":102270,"minecraft:interact_with_smoker":11,"minecraft:inspect_dropper":1,"minecraft:mob_kills":218,"minecraft:climb_one_cm":7165,"minecraft:walk_one_cm":2815204,"minecraft:raid_win":1,"minecraft:sneak_time":38901,"minecraft:walk_under_water_one_cm":33931,"minecraft:raid_trigger":1,"minecraft:time_since_rest":276,"minecraft:damage_taken":27295,"minecraft:swim_one_cm":10706,"minecraft:fly_one_cm":771333,"minecraft:open_chest":114,"minecraft:fall_one_cm":168991}},"DataVersion":2586}