{"stats":{"minecraft:custom":{"minecraft:inspect_dropper":1,"minecraft:mob_kills":178,"minecraft:interact_with_crafting_table":63,"minecraft:open_shulker_box":3,"minecraft:bell_ring":19,"minecraft:leave_game":29,"minecraft:time_since_death":17348,"minecraft:climb_one_cm":7165,"minecraft:sprint_one_cm":1436109,"minecraft:walk_one_cm":1427734,"minecraft:damage_blocked_by_shield":3691,"minecraft:drop":73,"minecraft:talked_to_villager":8,"minecraft:raid_win":1,"minecraft:deaths":45,"minecraft:sneak_time":19670,"minecraft:walk_under_water_one_cm":5931,"minecraft:jump":5558,"minecraft:walk_on_water_one_cm":45036,"minecraft:interact_with_furnace":104,"minecraft:traded_with_villager":2,"minecraft:play_one_minute":550634,"minecraft:interact_with_loom":2,"minecraft:raid_trigger":1,"minecraft:sleep_in_bed":28,"minecraft:time_since_rest":17373,"minecraft:damage_taken":21037,"minecraft:damage_dealt":35120,"minecraft:player_kills":22,"minecraft:swim_one_cm":9220,"minecraft:fly_one_cm":649553,"minecraft:open_chest":70,"minecraft:crouch_one_cm":56646,"minecraft:fall_one_cm":127859},"minecraft:killed_by":{"minecraft:endermite":2,"minecraft:player":6,"minecraft:creeper":6,"minecraft:spider":3,"minecraft:pillager":1,"minecraft:enderman":2,"minecraft:iron_golem":2,"minecraft:ravager":2,"minecraft:vindicator":2,"minecraft:cave_spider":2,"minecraft:skeleton":7,"minecraft:zombie":5,"minecraft:vex":1},"minecraft:used":{"minecraft:stone_sword":274,"minecraft:stone_shovel":225,"minecraft:chest":4,"minecraft:shield":120,"minecraft:iron_sword":721,"minecraft:cooked_chicken":6,"minecraft:rotten_flesh":35,"minecraft:torch":239,"minecraft:dirt":119,"minecraft:granite":11,"minecraft:birch_door":4,"minecraft:lava_bucket":10,"minecraft:iron_axe":46,"minecraft:written_book":2,"minecraft:furnace":12,"minecraft:beetroot_seeds":2,"minecraft:egg":1,"minecraft:cooked_beef":22,"minecraft:brown_bed":1,"minecraft:cooked_mutton":15,"minecraft:water_bucket":10,"minecraft:diorite":21,"minecraft:end_rod":2,"minecraft:birch_planks":39,"minecraft:stone_pickaxe":542,"minecraft:oak_planks":30,"minecraft:wooden_pickaxe":48,"minecraft:sand":6,"minecraft:red_bed":4,"minecraft:smooth_red_sandstone":1,"minecraft:oak_slab":1,"minecraft:crafting_table":15,"minecraft:loom":2,"minecraft:white_bed":2,"minecraft:red_sandstone":2,"minecraft:iron_pickaxe":1158,"minecraft:gravel":6,"minecraft:stone_axe":110,"minecraft:cobblestone":409,"minecraft:white_banner":4,"minecraft:cooked_porkchop":40,"minecraft:andesite":11,"minecraft:bucket":20,"minecraft:birch_stairs":6},"minecraft:dropped":{"minecraft:iron_ingot":19,"minecraft:iron_sword":1,"minecraft:porkchop":16,"minecraft:wheat_seeds":2,"minecraft:cooked_beef":9,"minecraft:crafting_table":1,"minecraft:oak_fence":12,"minecraft:feather":13,"minecraft:cobblestone":160,"minecraft:granite":15,"minecraft:flint":2,"minecraft:end_rod":7,"minecraft:dirt":5,"minecraft:diorite":9,"minecraft:torch":49,"minecraft:pumpkin":3,"minecraft:smooth_sandstone":1,"minecraft:bone":9,"minecraft:gravel":6,"minecraft:furnace":1,"minecraft:cooked_chicken":1,"minecraft:stone_sword":2,"minecraft:birch_sapling":1,"minecraft:chicken":1,"minecraft:rotten_flesh":10,"minecraft:cooked_mutton":6,"minecraft:white_bed":1,"minecraft:flint_and_steel":1,"minecraft:poppy":1,"minecraft:oak_button":1,"minecraft:andesite":9,"minecraft:oak_sapling":4,"minecraft:birch_door":1,"minecraft:brown_bed":1,"minecraft:spider_eye":4,"minecraft:spruce_log":6,"minecraft:sandstone":15,"minecraft:arrow":5,"minecraft:beef":5,"minecraft:stone_pickaxe":2,"minecraft:wooden_pickaxe":1,"minecraft:written_book":1,"minecraft:black_wool":1,"minecraft:egg":1},"minecraft:picked_up":{"minecraft:birch_door":2,"minecraft:crafting_table":13,"minecraft:wheat":1,"minecraft:chicken":10,"minecraft:wooden_pickaxe":3,"minecraft:brown_bed":2,"minecraft:string":112,"minecraft:red_bed":3,"minecraft:beetroot":1,"minecraft:detector_rail":4,"minecraft:beef":42,"minecraft:red_dye":1,"minecraft:rose_bush":1,"minecraft:written_book":3,"minecraft:player_head":1,"minecraft:poppy":3,"minecraft:minecart":1,"minecraft:sugar_cane":8,"minecraft:chest":2,"minecraft:birch_sapling":3,"minecraft:furnace":8,"minecraft:egg":4,"minecraft:stick":40,"minecraft:sandstone":45,"minecraft:oak_fence":14,"minecraft:torch":116,"minecraft:porkchop":56,"minecraft:diorite":32,"minecraft:redstone":30,"minecraft:stone_sword":2,"minecraft:arrow":34,"minecraft:rotten_flesh":74,"minecraft:beetroot_seeds":3,"minecraft:saddle":1,"minecraft:end_rod":22,"minecraft:mutton":25,"minecraft:rail":186,"minecraft:white_wool":18,"minecraft:cobblestone":921,"minecraft:birch_log":19,"minecraft:feather":30,"minecraft:smooth_red_sandstone":1,"minecraft:andesite":20,"minecraft:leather":21,"minecraft:birch_planks":55,"minecraft:flint":3,"minecraft:oak_log":49,"minecraft:dirt":318,"minecraft:paper":3,"minecraft:white_banner":5,"minecraft:name_tag":1,"minecraft:smooth_sandstone":3,"minecraft:bone":45,"minecraft:red_sandstone":2,"minecraft:wheat_seeds":10,"minecraft:iron_ore":310,"minecraft:iron_ingot":12,"minecraft:stone_pickaxe":4,"minecraft:cooked_chicken":1,"minecraft:iron_sword":1,"minecraft:oak_planks":15,"minecraft:oak_slab":2,"minecraft:cooked_porkchop":23,"minecraft:pumpkin":9,"minecraft:gravel":17,"minecraft:birch_stairs":1,"minecraft:sand":6,"minecraft:white_bed":2,"minecraft:spruce_log":18,"minecraft:loom":1,"minecraft:gold_ore":8,"minecraft:spider_eye":7,"minecraft:leather_helmet":1,"minecraft:pumpkin_seeds":2,"minecraft:granite":28,"minecraft:oak_button":2,"minecraft:oak_sapling":12,"minecraft:black_wool":2,"minecraft:coal":173},"minecraft:killed":{"minecraft:cave_spider":6,"minecraft:spider":15,"minecraft:shulker":2,"minecraft:skeleton":21,"minecraft:chicken":9,"minecraft:pig":24,"minecraft:creeper":1,"minecraft:sheep":16,"minecraft:pillager":8,"minecraft:zombie":55,"minecraft:player":22,"minecraft:cow":19},"minecraft:broken":{"minecraft:leather_helmet":1,"minecraft:stone_sword":2,"minecraft:iron_boots":1,"minecraft:iron_chestplate":1,"minecraft:iron_leggings":1,"minecraft:wooden_pickaxe":1,"minecraft:stone_pickaxe":4,"minecraft:shield":1,"minecraft:stone_axe":1,"minecraft:iron_sword":2,"minecraft:iron_pickaxe":4,"minecraft:iron_helmet":1,"minecraft:stone_shovel":1},"minecraft:crafted":{"minecraft:oak_planks":104,"minecraft:stone_shovel":2,"minecraft:cooked_chicken":6,"minecraft:furnace":5,"minecraft:loom":1,"minecraft:cooked_mutton":25,"minecraft:flint_and_steel":1,"minecraft:iron_boots":1,"minecraft:iron_axe":1,"minecraft:written_book":2,"minecraft:stone_pickaxe":4,"minecraft:chest":2,"minecraft:birch_door":3,"minecraft:cooked_beef":37,"minecraft:red_dye":2,"minecraft:cooked_porkchop":17,"minecraft:crafting_table":4,"minecraft:wooden_pickaxe":1,"minecraft:iron_helmet":1,"minecraft:iron_sword":4,"minecraft:red_bed":1,"minecraft:leather_helmet":1,"minecraft:bucket":2,"minecraft:birch_planks":76,"minecraft:stone_axe":2,"minecraft:air":0,"minecraft:iron_chestplate":2,"minecraft:shield":2,"minecraft:stick":108,"minecraft:iron_ingot":151,"minecraft:iron_pickaxe":7,"minecraft:stone_sword":2,"minecraft:iron_leggings":2,"minecraft:white_bed":2,"minecraft:torch":228,"minecraft:birch_stairs":8},"minecraft:mined":{"minecraft:white_bed":2,"minecraft:granite":16,"minecraft:grass_block":133,"minecraft:spawner":2,"minecraft:sandstone":15,"minecraft:redstone_ore":5,"minecraft:furnace":8,"minecraft:red_sandstone":3,"minecraft:iron_ore":310,"minecraft:andesite":17,"minecraft:pumpkin":3,"minecraft:brown_bed":3,"minecraft:smooth_red_sandstone":1,"minecraft:rail":175,"minecraft:stone":907,"minecraft:white_banner":1,"minecraft:birch_stairs":1,"minecraft:oak_slab":2,"minecraft:red_bed":3,"minecraft:oak_fence":2,"minecraft:smooth_sandstone":1,"minecraft:torch":76,"minecraft:crafting_table":13,"minecraft:poppy":1,"minecraft:chest":2,"minecraft:rose_bush":1,"minecraft:tall_grass":10,"minecraft:cobblestone":64,"minecraft:oak_planks":15,"minecraft:sugar_cane":2,"minecraft:wall_torch":28,"minecraft:diorite":28,"minecraft:birch_planks":19,"minecraft:birch_log":20,"minecraft:wheat":1,"minecraft:lilac":1,"minecraft:spruce_log":7,"minecraft:birch_leaves":1,"minecraft:birch_door":2,"minecraft:white_wall_banner":1,"minecraft:grass":50,"minecraft:coal_ore":122,"minecraft:oak_log":50,"minecraft:beetroots":1,"minecraft:end_rod":8,"minecraft:gravel":17,"minecraft:loom":1,"minecraft:dirt":115,"minecraft:sand":6,"minecraft:cobweb":85,"minecraft:gold_ore":8,"minecraft:oak_leaves":14}},"DataVersion":2586}