{"stats":{"minecraft:crafted":{"minecraft:oak_planks":44,"minecraft:stone_shovel":1,"minecraft:cooked_chicken":5,"minecraft:furnace":5,"minecraft:loom":1,"minecraft:cooked_mutton":13,"minecraft:written_book":2,"minecraft:stone_pickaxe":4,"minecraft:chest":2,"minecraft:cooked_beef":12,"minecraft:red_dye":2,"minecraft:crafting_table":3,"minecraft:wooden_pickaxe":1,"minecraft:iron_sword":1,"minecraft:red_bed":1,"minecraft:birch_planks":76,"minecraft:stone_axe":1,"minecraft:air":0,"minecraft:iron_chestplate":1,"minecraft:shield":1,"minecraft:stick":64,"minecraft:iron_pickaxe":1,"minecraft:iron_ingot":56,"minecraft:stone_sword":2,"minecraft:iron_leggings":1,"minecraft:white_bed":1,"minecraft:torch":68},"minecraft:killed":{"minecraft:spider":5,"minecraft:skeleton":7,"minecraft:chicken":5,"minecraft:pig":10,"minecraft:sheep":9,"minecraft:pillager":5,"minecraft:zombie":15,"minecraft:player":2,"minecraft:cow":9},"minecraft:broken":{"minecraft:stone_sword":2,"minecraft:wooden_pickaxe":1,"minecraft:stone_pickaxe":3,"minecraft:stone_shovel":1},"minecraft:used":{"minecraft:stone_sword":274,"minecraft:stone_shovel":133,"minecraft:chest":2,"minecraft:shield":17,"minecraft:iron_sword":22,"minecraft:cooked_chicken":4,"minecraft:rotten_flesh":16,"minecraft:torch":61,"minecraft:dirt":116,"minecraft:written_book":2,"minecraft:furnace":6,"minecraft:egg":1,"minecraft:cooked_beef":12,"minecraft:cooked_mutton":13,"minecraft:diorite":1,"minecraft:birch_planks":23,"minecraft:stone_pickaxe":457,"minecraft:oak_planks":2,"minecraft:wooden_pickaxe":48,"minecraft:crafting_table":8,"minecraft:loom":1,"minecraft:red_bed":3,"minecraft:white_bed":1,"minecraft:iron_pickaxe":25,"minecraft:stone_axe":79,"minecraft:cobblestone":37,"minecraft:white_banner":2,"minecraft:andesite":2},"minecraft:dropped":{"minecraft:iron_ingot":19,"minecraft:wheat_seeds":1,"minecraft:crafting_table":1,"minecraft:cobblestone":32,"minecraft:torch":48,"minecraft:furnace":1,"minecraft:cooked_chicken":1,"minecraft:stone_sword":1,"minecraft:beef":5,"minecraft:stone_pickaxe":1,"minecraft:black_wool":1,"minecraft:egg":1},"minecraft:killed_by":{"minecraft:player":1,"minecraft:creeper":3,"minecraft:spider":2,"minecraft:pillager":1,"minecraft:enderman":1,"minecraft:skeleton":4,"minecraft:zombie":2},"minecraft:picked_up":{"minecraft:crafting_table":6,"minecraft:chicken":5,"minecraft:wooden_pickaxe":1,"minecraft:string":7,"minecraft:red_bed":2,"minecraft:beef":17,"minecraft:rose_bush":1,"minecraft:poppy":1,"minecraft:sugar_cane":4,"minecraft:birch_sapling":1,"minecraft:egg":2,"minecraft:furnace":2,"minecraft:stick":7,"minecraft:sandstone":2,"minecraft:torch":55,"minecraft:porkchop":23,"minecraft:diorite":9,"minecraft:stone_sword":1,"minecraft:arrow":5,"minecraft:rotten_flesh":20,"minecraft:mutton":13,"minecraft:white_wool":8,"minecraft:cobblestone":315,"minecraft:birch_log":19,"minecraft:feather":3,"minecraft:andesite":2,"minecraft:leather":6,"minecraft:birch_planks":16,"minecraft:oak_log":22,"minecraft:dirt":175,"minecraft:white_banner":3,"minecraft:bone":9,"minecraft:wheat_seeds":1,"minecraft:stone_pickaxe":2,"minecraft:iron_ore":68,"minecraft:cooked_porkchop":17,"minecraft:pumpkin":3,"minecraft:sand":6,"minecraft:white_bed":1,"minecraft:spruce_log":6,"minecraft:spider_eye":1,"minecraft:granite":1,"minecraft:oak_sapling":3,"minecraft:black_wool":1,"minecraft:coal":88},"minecraft:mined":{"minecraft:white_bed":1,"minecraft:granite":1,"minecraft:grass_block":119,"minecraft:sandstone":2,"minecraft:furnace":2,"minecraft:iron_ore":67,"minecraft:andesite":3,"minecraft:pumpkin":3,"minecraft:white_banner":1,"minecraft:stone":314,"minecraft:red_bed":2,"minecraft:crafting_table":6,"minecraft:torch":37,"minecraft:poppy":1,"minecraft:rose_bush":1,"minecraft:tall_grass":1,"minecraft:cobblestone":4,"minecraft:sugar_cane":2,"minecraft:oak_planks":2,"minecraft:diorite":9,"minecraft:wall_torch":12,"minecraft:birch_planks":17,"minecraft:birch_log":20,"minecraft:lilac":1,"minecraft:spruce_log":7,"minecraft:birch_leaves":1,"minecraft:grass":28,"minecraft:oak_log":22,"minecraft:coal_ore":85,"minecraft:sand":6,"minecraft:dirt":42,"minecraft:oak_leaves":14},"minecraft:custom":{"minecraft:inspect_dropper":1,"minecraft:mob_kills":66,"minecraft:interact_with_crafting_table":25,"minecraft:leave_game":16,"minecraft:time_since_death":5407,"minecraft:sprint_one_cm":401184,"minecraft:walk_one_cm":535850,"minecraft:damage_blocked_by_shield":880,"minecraft:drop":14,"minecraft:talked_to_villager":2,"minecraft:deaths":14,"minecraft:sneak_time":4470,"minecraft:walk_under_water_one_cm":4533,"minecraft:jump":2275,"minecraft:walk_on_water_one_cm":18008,"minecraft:interact_with_furnace":29,"minecraft:traded_with_villager":2,"minecraft:play_one_minute":240625,"minecraft:interact_with_loom":2,"minecraft:sleep_in_bed":9,"minecraft:time_since_rest":5441,"minecraft:damage_taken":6648,"minecraft:damage_dealt":10267,"minecraft:swim_one_cm":3608,"minecraft:fly_one_cm":266369,"minecraft:player_kills":2,"minecraft:open_chest":6,"minecraft:crouch_one_cm":12367,"minecraft:fall_one_cm":45829}},"DataVersion":2586}