{"stats":{"minecraft:dropped":{"minecraft:iron_ingot":19,"minecraft:porkchop":16,"minecraft:wheat_seeds":2,"minecraft:crafting_table":1,"minecraft:feather":11,"minecraft:cobblestone":32,"minecraft:granite":1,"minecraft:end_rod":7,"minecraft:torch":49,"minecraft:pumpkin":3,"minecraft:smooth_sandstone":1,"minecraft:bone":9,"minecraft:furnace":1,"minecraft:cooked_chicken":1,"minecraft:stone_sword":2,"minecraft:birch_sapling":1,"minecraft:chicken":1,"minecraft:rotten_flesh":10,"minecraft:cooked_mutton":1,"minecraft:white_bed":1,"minecraft:flint_and_steel":1,"minecraft:poppy":1,"minecraft:oak_button":1,"minecraft:oak_sapling":4,"minecraft:birch_door":1,"minecraft:brown_bed":1,"minecraft:spider_eye":2,"minecraft:spruce_log":6,"minecraft:sandstone":15,"minecraft:wooden_pickaxe":1,"minecraft:beef":5,"minecraft:arrow":5,"minecraft:stone_pickaxe":2,"minecraft:written_book":1,"minecraft:black_wool":1,"minecraft:egg":1},"minecraft:custom":{"minecraft:inspect_dropper":1,"minecraft:mob_kills":134,"minecraft:interact_with_crafting_table":50,"minecraft:open_shulker_box":3,"minecraft:bell_ring":15,"minecraft:leave_game":20,"minecraft:time_since_death":20620,"minecraft:climb_one_cm":7165,"minecraft:sprint_one_cm":1054531,"minecraft:walk_one_cm":1104280,"minecraft:damage_blocked_by_shield":2551,"minecraft:drop":43,"minecraft:talked_to_villager":5,"minecraft:deaths":37,"minecraft:sneak_time":14329,"minecraft:walk_under_water_one_cm":5931,"minecraft:jump":4443,"minecraft:walk_on_water_one_cm":37161,"minecraft:interact_with_furnace":98,"minecraft:traded_with_villager":2,"minecraft:play_one_minute":421173,"minecraft:interact_with_loom":2,"minecraft:raid_trigger":1,"minecraft:sleep_in_bed":20,"minecraft:time_since_rest":3655,"minecraft:damage_taken":16463,"minecraft:damage_dealt":25748,"minecraft:player_kills":19,"minecraft:swim_one_cm":9220,"minecraft:fly_one_cm":530286,"minecraft:open_chest":66,"minecraft:crouch_one_cm":42742,"minecraft:fall_one_cm":108221},"minecraft:killed_by":{"minecraft:endermite":2,"minecraft:player":2,"minecraft:creeper":5,"minecraft:spider":3,"minecraft:pillager":1,"minecraft:enderman":2,"minecraft:iron_golem":2,"minecraft:ravager":1,"minecraft:vindicator":2,"minecraft:cave_spider":2,"minecraft:skeleton":7,"minecraft:zombie":4},"minecraft:killed":{"minecraft:cave_spider":2,"minecraft:spider":9,"minecraft:shulker":2,"minecraft:skeleton":14,"minecraft:chicken":8,"minecraft:pig":24,"minecraft:creeper":1,"minecraft:sheep":16,"minecraft:pillager":6,"minecraft:zombie":33,"minecraft:player":19,"minecraft:cow":17},"minecraft:crafted":{"minecraft:oak_planks":60,"minecraft:stone_shovel":2,"minecraft:cooked_chicken":6,"minecraft:furnace":5,"minecraft:loom":1,"minecraft:cooked_mutton":25,"minecraft:flint_and_steel":1,"minecraft:iron_boots":1,"minecraft:iron_axe":1,"minecraft:written_book":2,"minecraft:stone_pickaxe":4,"minecraft:chest":2,"minecraft:birch_door":3,"minecraft:cooked_beef":31,"minecraft:red_dye":2,"minecraft:cooked_porkchop":17,"minecraft:crafting_table":3,"minecraft:iron_helmet":1,"minecraft:wooden_pickaxe":1,"minecraft:iron_sword":2,"minecraft:red_bed":1,"minecraft:leather_helmet":1,"minecraft:bucket":2,"minecraft:birch_planks":76,"minecraft:stone_axe":2,"minecraft:air":0,"minecraft:iron_chestplate":2,"minecraft:shield":1,"minecraft:stick":84,"minecraft:iron_ingot":151,"minecraft:iron_pickaxe":3,"minecraft:stone_sword":2,"minecraft:iron_leggings":2,"minecraft:white_bed":2,"minecraft:torch":148,"minecraft:birch_stairs":8},"minecraft:used":{"minecraft:stone_sword":274,"minecraft:stone_shovel":210,"minecraft:chest":4,"minecraft:shield":91,"minecraft:iron_sword":449,"minecraft:cooked_chicken":5,"minecraft:rotten_flesh":24,"minecraft:torch":136,"minecraft:dirt":119,"minecraft:birch_door":4,"minecraft:lava_bucket":10,"minecraft:iron_axe":19,"minecraft:written_book":2,"minecraft:furnace":12,"minecraft:egg":1,"minecraft:cooked_beef":13,"minecraft:brown_bed":1,"minecraft:cooked_mutton":15,"minecraft:water_bucket":10,"minecraft:diorite":12,"minecraft:end_rod":2,"minecraft:birch_planks":39,"minecraft:stone_pickaxe":542,"minecraft:oak_planks":8,"minecraft:wooden_pickaxe":48,"minecraft:sand":6,"minecraft:red_bed":4,"minecraft:smooth_red_sandstone":1,"minecraft:oak_slab":1,"minecraft:crafting_table":11,"minecraft:loom":2,"minecraft:white_bed":2,"minecraft:red_sandstone":2,"minecraft:iron_pickaxe":482,"minecraft:stone_axe":110,"minecraft:cobblestone":335,"minecraft:white_banner":4,"minecraft:cooked_porkchop":25,"minecraft:andesite":3,"minecraft:bucket":20,"minecraft:birch_stairs":6},"minecraft:picked_up":{"minecraft:crafting_table":9,"minecraft:birch_door":2,"minecraft:chicken":9,"minecraft:wooden_pickaxe":3,"minecraft:brown_bed":2,"minecraft:string":39,"minecraft:red_bed":3,"minecraft:detector_rail":4,"minecraft:beef":36,"minecraft:red_dye":1,"minecraft:rose_bush":1,"minecraft:written_book":3,"minecraft:player_head":1,"minecraft:poppy":3,"minecraft:minecart":1,"minecraft:sugar_cane":8,"minecraft:chest":2,"minecraft:birch_sapling":3,"minecraft:furnace":8,"minecraft:egg":4,"minecraft:stick":40,"minecraft:sandstone":45,"minecraft:torch":80,"minecraft:porkchop":56,"minecraft:diorite":12,"minecraft:redstone":5,"minecraft:stone_sword":2,"minecraft:arrow":28,"minecraft:rotten_flesh":47,"minecraft:end_rod":22,"minecraft:mutton":25,"minecraft:rail":79,"minecraft:white_wool":18,"minecraft:cobblestone":660,"minecraft:birch_log":19,"minecraft:feather":26,"minecraft:smooth_red_sandstone":1,"minecraft:andesite":3,"minecraft:leather":18,"minecraft:birch_planks":55,"minecraft:flint":1,"minecraft:oak_log":38,"minecraft:dirt":307,"minecraft:paper":3,"minecraft:white_banner":5,"minecraft:name_tag":1,"minecraft:smooth_sandstone":3,"minecraft:bone":36,"minecraft:red_sandstone":2,"minecraft:wheat_seeds":8,"minecraft:iron_ingot":12,"minecraft:stone_pickaxe":4,"minecraft:cooked_chicken":1,"minecraft:iron_ore":163,"minecraft:oak_planks":6,"minecraft:oak_slab":2,"minecraft:cooked_porkchop":23,"minecraft:pumpkin":9,"minecraft:gravel":5,"minecraft:birch_stairs":1,"minecraft:sand":6,"minecraft:spruce_log":18,"minecraft:white_bed":2,"minecraft:loom":1,"minecraft:spider_eye":4,"minecraft:pumpkin_seeds":2,"minecraft:granite":3,"minecraft:oak_button":2,"minecraft:oak_sapling":12,"minecraft:black_wool":2,"minecraft:coal":151},"minecraft:mined":{"minecraft:white_bed":2,"minecraft:granite":1,"minecraft:grass_block":132,"minecraft:sandstone":15,"minecraft:furnace":8,"minecraft:red_sandstone":3,"minecraft:iron_ore":163,"minecraft:andesite":7,"minecraft:pumpkin":3,"minecraft:brown_bed":2,"minecraft:smooth_red_sandstone":1,"minecraft:rail":70,"minecraft:stone":590,"minecraft:white_banner":1,"minecraft:birch_stairs":1,"minecraft:oak_slab":2,"minecraft:red_bed":3,"minecraft:smooth_sandstone":1,"minecraft:crafting_table":9,"minecraft:torch":46,"minecraft:poppy":1,"minecraft:chest":2,"minecraft:rose_bush":1,"minecraft:tall_grass":9,"minecraft:cobblestone":51,"minecraft:oak_planks":9,"minecraft:sugar_cane":2,"minecraft:diorite":12,"minecraft:wall_torch":22,"minecraft:birch_planks":19,"minecraft:birch_log":20,"minecraft:lilac":1,"minecraft:spruce_log":7,"minecraft:birch_leaves":1,"minecraft:birch_door":2,"minecraft:white_wall_banner":1,"minecraft:grass":48,"minecraft:oak_log":39,"minecraft:coal_ore":97,"minecraft:end_rod":8,"minecraft:sand":6,"minecraft:loom":1,"minecraft:gravel":10,"minecraft:dirt":105,"minecraft:cobweb":22,"minecraft:oak_leaves":14},"minecraft:broken":{"minecraft:leather_helmet":1,"minecraft:stone_sword":2,"minecraft:iron_chestplate":1,"minecraft:iron_leggings":1,"minecraft:wooden_pickaxe":1,"minecraft:stone_pickaxe":4,"minecraft:stone_axe":1,"minecraft:iron_sword":1,"minecraft:iron_pickaxe":1,"minecraft:stone_shovel":1}},"DataVersion":2586}