{"stats":{"minecraft:mined":{"minecraft:birch_log":7},"minecraft:killed_by":{"minecraft:creeper":1},"minecraft:custom":{"minecraft:jump":28,"minecraft:time_since_rest":268,"minecraft:damage_dealt":117,"minecraft:play_one_minute":3316,"minecraft:deaths":1,"minecraft:sprint_one_cm":10291,"minecraft:damage_taken":610,"minecraft:time_since_death":235,"minecraft:walk_one_cm":7987,"minecraft:fall_one_cm":958,"minecraft:fly_one_cm":4461},"minecraft:picked_up":{"minecraft:birch_log":7}},"DataVersion":2586}