{"stats":{"minecraft:picked_up":{"minecraft:birch_log":7},"minecraft:killed_by":{"minecraft:skeleton":1,"minecraft:creeper":1},"minecraft:custom":{"minecraft:jump":32,"minecraft:damage_dealt":117,"minecraft:play_one_minute":8097,"minecraft:walk_one_cm":8669,"minecraft:sprint_one_cm":10890,"minecraft:damage_taken":850,"minecraft:time_since_death":4306,"minecraft:deaths":2,"minecraft:fall_one_cm":958,"minecraft:fly_one_cm":4876,"minecraft:time_since_rest":4675},"minecraft:mined":{"minecraft:birch_log":7}},"DataVersion":2586}