{"stats":{"minecraft:killed_by":{"minecraft:creeper":4,"minecraft:pillager":2,"minecraft:zombie":3,"minecraft:endermite":1,"minecraft:player":5,"minecraft:skeleton":3},"minecraft:broken":{"minecraft:iron_shovel":1,"minecraft:stone_axe":1,"minecraft:iron_sword":1,"minecraft:stone_sword":1,"minecraft:flint_and_steel":1,"minecraft:stone_hoe":1,"minecraft:iron_axe":2,"minecraft:iron_pickaxe":6},"minecraft:custom":{"minecraft:interact_with_crafting_table":88,"minecraft:open_barrel":2,"minecraft:open_shulker_box":48,"minecraft:leave_game":27,"minecraft:time_since_death":123447,"minecraft:sprint_one_cm":1806413,"minecraft:damage_blocked_by_shield":1966,"minecraft:drop":63,"minecraft:talked_to_villager":5,"minecraft:deaths":21,"minecraft:jump":8942,"minecraft:walk_on_water_one_cm":29025,"minecraft:interact_with_furnace":245,"minecraft:traded_with_villager":1,"minecraft:play_one_minute":875032,"minecraft:interact_with_loom":1,"minecraft:sleep_in_bed":20,"minecraft:damage_dealt":21068,"minecraft:player_kills":7,"minecraft:crouch_one_cm":86072,"minecraft:interact_with_smoker":39,"minecraft:inspect_dropper":3,"minecraft:mob_kills":126,"minecraft:interact_with_anvil":1,"minecraft:inspect_hopper":5,"minecraft:climb_one_cm":12104,"minecraft:walk_one_cm":783860,"minecraft:sneak_time":27957,"minecraft:walk_under_water_one_cm":16406,"minecraft:interact_with_stonecutter":2,"minecraft:time_since_rest":123474,"minecraft:damage_taken":12487,"minecraft:swim_one_cm":10768,"minecraft:fly_one_cm":1876921,"minecraft:open_chest":314,"minecraft:fall_one_cm":275904},"minecraft:used":{"minecraft:iron_shovel":373,"minecraft:ladder":69,"minecraft:shield":27,"minecraft:chest":8,"minecraft:stone":607,"minecraft:iron_sword":269,"minecraft:player_head":1,"minecraft:rotten_flesh":2,"minecraft:carrot":52,"minecraft:snowball":105,"minecraft:obsidian":1,"minecraft:spruce_boat":3,"minecraft:lava_bucket":24,"minecraft:grass_block":1,"minecraft:lantern":8,"minecraft:birch_sapling":4,"minecraft:dark_oak_leaves":9,"minecraft:stone_brick_stairs":2,"minecraft:stone_bricks":275,"minecraft:dolphin_spawn_egg":5,"minecraft:bow":11,"minecraft:written_book":5,"minecraft:oak_sapling":10,"minecraft:furnace":11,"minecraft:egg":2,"minecraft:potato":694,"minecraft:diorite":11,"minecraft:end_rod":30,"minecraft:birch_leaves":2,"minecraft:stone_pickaxe":190,"minecraft:oak_planks":41,"minecraft:wooden_pickaxe":24,"minecraft:sandstone":2,"minecraft:sugar_cane":35,"minecraft:purpur_pillar":4,"minecraft:dark_oak_trapdoor":8,"minecraft:sand":2,"minecraft:stone_brick_wall":4,"minecraft:dark_oak_log":7,"minecraft:bread":17,"minecraft:gravel":22,"minecraft:andesite":31,"minecraft:poisonous_potato":5,"minecraft:chain":2,"minecraft:bone_meal":117,"minecraft:oak_fence":5,"minecraft:purpur_block":5,"minecraft:stone_sword":146,"minecraft:flint_and_steel":64,"minecraft:spruce_planks":254,"minecraft:brown_shulker_box":22,"minecraft:stone_hoe":150,"minecraft:cooked_chicken":13,"minecraft:netherrack":2,"minecraft:torch":590,"minecraft:dirt":246,"minecraft:anvil":1,"minecraft:spruce_stairs":75,"minecraft:spruce_fence":16,"minecraft:granite":6,"minecraft:birch_door":2,"minecraft:iron_hoe":218,"minecraft:stone_brick_slab":2,"minecraft:dark_oak_planks":17,"minecraft:iron_axe":952,"minecraft:oak_stairs":98,"minecraft:barrel":6,"minecraft:light_gray_wool":3,"minecraft:cooked_beef":30,"minecraft:brown_bed":3,"minecraft:wheat_seeds":102,"minecraft:cooked_mutton":9,"minecraft:water_bucket":60,"minecraft:cobblestone_stairs":29,"minecraft:snow_block":14,"minecraft:birch_planks":11,"minecraft:baked_potato":50,"minecraft:stonecutter":1,"minecraft:oak_slab":86,"minecraft:crafting_table":12,"minecraft:white_bed":3,"minecraft:spruce_log":95,"minecraft:smoker":2,"minecraft:dark_oak_door":7,"minecraft:oak_log":175,"minecraft:blue_stained_glass_pane":8,"minecraft:diamond_pickaxe":2,"minecraft:apple":1,"minecraft:iron_pickaxe":1889,"minecraft:stone_slab":1,"minecraft:spruce_trapdoor":46,"minecraft:spruce_sapling":120,"minecraft:stone_axe":122,"minecraft:cobblestone":525,"minecraft:white_banner":3,"minecraft:cooked_porkchop":20,"minecraft:bucket":84},"minecraft:killed":{"minecraft:cave_spider":7,"minecraft:witch":1,"minecraft:spider":7,"minecraft:shulker":2,"minecraft:skeleton":13,"minecraft:chicken":12,"minecraft:pig":12,"minecraft:creeper":4,"minecraft:sheep":11,"minecraft:trader_llama":2,"minecraft:pillager":3,"minecraft:zombie":20,"minecraft:cow":23,"minecraft:endermite":1,"minecraft:phantom":2,"minecraft:husk":1,"minecraft:player":6,"minecraft:enderman":5},"minecraft:dropped":{"minecraft:porkchop":2,"minecraft:oak_log":1,"minecraft:flint":2,"minecraft:dirt":1,"minecraft:dark_oak_log":3,"minecraft:iron_pickaxe":1,"minecraft:gravel":3,"minecraft:wheat":1,"minecraft:rotten_flesh":4,"minecraft:oak_planks":19,"minecraft:white_bed":1,"minecraft:stone_brick_wall":4,"minecraft:iron_ore":2,"minecraft:arrow":1,"minecraft:beef":1,"minecraft:water_bucket":1,"minecraft:iron_ingot":17,"minecraft:bread":64,"minecraft:wheat_seeds":37,"minecraft:coal":31,"minecraft:diorite":1,"minecraft:iron_axe":1,"minecraft:stone_slab":5,"minecraft:potato":5,"minecraft:andesite":3,"minecraft:oak_sapling":1,"minecraft:stone_pickaxe":1,"minecraft:wooden_pickaxe":1},"minecraft:mined":{"minecraft:dark_oak_planks":6,"minecraft:spruce_planks":5,"minecraft:white_bed":3,"minecraft:cobblestone_stairs":1,"minecraft:jungle_leaves":1,"minecraft:obsidian":1,"minecraft:spruce_trapdoor":17,"minecraft:granite":5,"minecraft:grass_block":37,"minecraft:dark_oak_trapdoor":4,"minecraft:fire":5,"minecraft:iron_ore":310,"minecraft:barrel":2,"minecraft:fletching_table":1,"minecraft:oak_stairs":31,"minecraft:brown_shulker_box":22,"minecraft:smoker":2,"minecraft:torch":29,"minecraft:blast_furnace":1,"minecraft:chest":3,"minecraft:cobblestone":129,"minecraft:sugar_cane":21,"minecraft:oak_planks":38,"minecraft:wall_torch":22,"minecraft:dark_oak_door":3,"minecraft:birch_log":119,"minecraft:wheat":36,"minecraft:light_gray_wool":3,"minecraft:purpur_block":5,"minecraft:grass":171,"minecraft:oak_log":236,"minecraft:sand":124,"minecraft:dirt":104,"minecraft:stonecutter":1,"minecraft:netherrack":2,"minecraft:oak_leaves":70,"minecraft:diamond_ore":6,"minecraft:dark_oak_leaves":11,"minecraft:dark_oak_log":107,"minecraft:spruce_fence":1,"minecraft:spruce_leaves":198,"minecraft:sandstone":2,"minecraft:hay_block":24,"minecraft:redstone_ore":18,"minecraft:spruce_sapling":3,"minecraft:furnace":8,"minecraft:carrots":18,"minecraft:snow":80,"minecraft:andesite":30,"minecraft:potatoes":185,"minecraft:rail":116,"minecraft:stone":865,"minecraft:oak_slab":3,"minecraft:snow_block":10,"minecraft:oak_fence":3,"minecraft:crafting_table":7,"minecraft:purpur_pillar":19,"minecraft:tall_grass":29,"minecraft:lapis_ore":29,"minecraft:diorite":12,"minecraft:spruce_stairs":8,"minecraft:birch_planks":2,"minecraft:spruce_log":309,"minecraft:birch_leaves":10,"minecraft:coal_ore":368,"minecraft:cocoa":2,"minecraft:end_rod":32,"minecraft:gravel":20,"minecraft:cobweb":33,"minecraft:stone_bricks":86,"minecraft:gold_ore":52},"minecraft:crafted":{"minecraft:oak_planks":248,"minecraft:barrel":4,"minecraft:chain":2,"minecraft:cooked_chicken":13,"minecraft:birch_slab":12,"minecraft:blue_stained_glass_pane":16,"minecraft:stone":884,"minecraft:cobblestone_stairs":28,"minecraft:shulker_box":1,"minecraft:cooked_mutton":15,"minecraft:glass":80,"minecraft:dark_oak_door":6,"minecraft:iron_boots":1,"minecraft:written_book":1,"minecraft:chest":3,"minecraft:stone_hoe":1,"minecraft:stone_bricks":228,"minecraft:oak_slab":90,"minecraft:cooked_porkchop":40,"minecraft:crafting_table":5,"minecraft:spruce_planks":552,"minecraft:iron_helmet":1,"minecraft:wooden_pickaxe":1,"minecraft:baked_potato":151,"minecraft:brown_dye":2,"minecraft:brown_bed":1,"minecraft:birch_planks":208,"minecraft:knowledge_book":5,"minecraft:stone_brick_stairs":3,"minecraft:spruce_trapdoor":34,"minecraft:iron_chestplate":1,"minecraft:diamond_pickaxe":1,"minecraft:shield":2,"minecraft:stick":360,"minecraft:iron_pickaxe":11,"minecraft:iron_ingot":306,"minecraft:stone_sword":2,"minecraft:snow_block":14,"minecraft:gold_ingot":52,"minecraft:tripwire_hook":2,"minecraft:iron_nugget":90,"minecraft:furnace":3,"minecraft:dark_oak_trapdoor":4,"minecraft:bone_meal":90,"minecraft:spruce_fence":21,"minecraft:glass_pane":16,"minecraft:lantern":10,"minecraft:spruce_stairs":80,"minecraft:iron_axe":5,"minecraft:ladder":69,"minecraft:iron_hoe":1,"minecraft:stone_pickaxe":2,"minecraft:brown_shulker_box":1,"minecraft:spruce_boat":1,"minecraft:dark_oak_planks":104,"minecraft:wheat":216,"minecraft:cooked_beef":50,"minecraft:iron_sword":1,"minecraft:bucket":5,"minecraft:stone_axe":2,"minecraft:air":0,"minecraft:bread":81,"minecraft:blue_dye":3,"minecraft:oak_stairs":52,"minecraft:iron_shovel":2,"minecraft:iron_leggings":1,"minecraft:white_bed":1,"minecraft:torch":460},"minecraft:picked_up":{"minecraft:shulker_shell":2,"minecraft:birch_door":2,"minecraft:wheat":28,"minecraft:stone_slab":6,"minecraft:lead":7,"minecraft:oak_stairs":48,"minecraft:brown_bed":2,"minecraft:string":91,"minecraft:dark_oak_trapdoor":4,"minecraft:bucket":2,"minecraft:spruce_planks":5,"minecraft:written_book":1,"minecraft:iron_pickaxe":3,"minecraft:furnace":9,"minecraft:dark_oak_door":3,"minecraft:stick":146,"minecraft:oak_fence":5,"minecraft:purpur_pillar":64,"minecraft:torch":170,"minecraft:spruce_stairs":8,"minecraft:porkchop":42,"minecraft:diorite":15,"minecraft:stone_sword":2,"minecraft:rotten_flesh":22,"minecraft:brown_shulker_box":23,"minecraft:end_rod":83,"minecraft:obsidian":1,"minecraft:snowball":124,"minecraft:cobblestone":1940,"minecraft:birch_log":120,"minecraft:feather":10,"minecraft:cooked_beef":10,"minecraft:andesite":35,"minecraft:smoker":2,"minecraft:potato":683,"minecraft:flint":2,"minecraft:lapis_lazuli":376,"minecraft:dirt":285,"minecraft:bone":15,"minecraft:stonecutter":1,"minecraft:bow":2,"minecraft:wheat_seeds":131,"minecraft:fletching_table":2,"minecraft:oak_planks":108,"minecraft:poisonous_potato":5,"minecraft:sand":124,"minecraft:grass_block":2,"minecraft:dark_oak_log":349,"minecraft:barrel":2,"minecraft:sugar":2,"minecraft:diamond":6,"minecraft:spruce_boat":3,"minecraft:granite":6,"minecraft:bone_meal":27,"minecraft:oak_sapling":39,"minecraft:netherrack":2,"minecraft:cocoa_beans":18,"minecraft:crafting_table":7,"minecraft:chicken":12,"minecraft:stone_brick_wall":8,"minecraft:purpur_block":5,"minecraft:iron_axe":3,"minecraft:flint_and_steel":2,"minecraft:iron_shovel":1,"minecraft:beef":57,"minecraft:chest":4,"minecraft:light_gray_wool":3,"minecraft:sugar_cane":35,"minecraft:birch_sapling":14,"minecraft:spruce_trapdoor":17,"minecraft:egg":2,"minecraft:sandstone":2,"minecraft:music_disc_mellohi":4,"minecraft:spruce_fence":1,"minecraft:carrot":51,"minecraft:redstone":157,"minecraft:dark_oak_planks":7,"minecraft:arrow":40,"minecraft:hay_block":24,"minecraft:saddle":1,"minecraft:totem_of_undying":2,"minecraft:mutton":15,"minecraft:white_wool":10,"minecraft:rail":244,"minecraft:tripwire_hook":2,"minecraft:leather":47,"minecraft:birch_planks":13,"minecraft:oak_log":312,"minecraft:gunpowder":6,"minecraft:cobblestone_stairs":1,"minecraft:white_banner":3,"minecraft:cooked_mutton":10,"minecraft:apple":5,"minecraft:stone_bricks":86,"minecraft:stone_pickaxe":1,"minecraft:iron_ingot":56,"minecraft:iron_ore":400,"minecraft:glass_bottle":2,"minecraft:oak_slab":17,"minecraft:stone_brick_slab":2,"minecraft:gravel":25,"minecraft:blast_furnace":1,"minecraft:spruce_sapling":120,"minecraft:white_bed":4,"minecraft:spruce_log":309,"minecraft:gold_ore":104,"minecraft:spider_eye":18,"minecraft:stone_axe":1,"minecraft:coal":740}},"DataVersion":2586}