{"stats":{"minecraft:used":{"minecraft:oak_log":1,"minecraft:dirt":1,"minecraft:birch_leaves":2},"minecraft:custom":{"minecraft:jump":107,"minecraft:crouch_one_cm":125,"minecraft:time_since_rest":19459,"minecraft:damage_dealt":23,"minecraft:damage_taken":175,"minecraft:leave_game":3,"minecraft:play_one_minute":19459,"minecraft:sprint_one_cm":18363,"minecraft:time_since_death":19459,"minecraft:walk_one_cm":3735,"minecraft:sneak_time":77,"minecraft:fall_one_cm":778,"minecraft:fly_one_cm":36334},"minecraft:picked_up":{"minecraft:oak_log":1,"minecraft:dirt":1},"minecraft:mined":{"minecraft:grass_block":1,"minecraft:oak_log":1,"minecraft:oak_leaves":1}},"DataVersion":2586}