{"stats":{"minecraft:picked_up":{"minecraft:crafting_table":2,"minecraft:stick":4,"minecraft:sandstone":2,"minecraft:leather":1,"minecraft:sand":2,"minecraft:oak_log":19,"minecraft:dirt":6,"minecraft:arrow":2,"minecraft:rotten_flesh":2,"minecraft:wheat_seeds":1,"minecraft:beef":3,"minecraft:oak_sapling":2,"minecraft:oak_planks":15,"minecraft:cobblestone":18,"minecraft:furnace":1},"minecraft:custom":{"minecraft:time_since_rest":33975,"minecraft:interact_with_furnace":4,"minecraft:sprint_one_cm":59407,"minecraft:damage_taken":530,"minecraft:walk_one_cm":10926,"minecraft:mob_kills":3,"minecraft:drop":1,"minecraft:damage_dealt":340,"minecraft:interact_with_crafting_table":4,"minecraft:fly_one_cm":80725,"minecraft:play_one_minute":33975,"minecraft:crouch_one_cm":129,"minecraft:sneak_time":81,"minecraft:jump":335,"minecraft:leave_game":4,"minecraft:time_since_death":33975,"minecraft:fall_one_cm":6271},"minecraft:killed":{"minecraft:skeleton":1,"minecraft:cow":2},"minecraft:dropped":{"minecraft:wheat_seeds":1},"minecraft:mined":{"minecraft:furnace":1,"minecraft:crafting_table":2,"minecraft:grass":1,"minecraft:grass_block":1,"minecraft:oak_log":19,"minecraft:dirt":4,"minecraft:sand":2,"minecraft:stone":19,"minecraft:oak_leaves":3,"minecraft:sandstone":2},"minecraft:crafted":{"minecraft:cooked_beef":3,"minecraft:oak_planks":28,"minecraft:crafting_table":1,"minecraft:stick":8,"minecraft:wooden_pickaxe":1,"minecraft:stone_pickaxe":2,"minecraft:furnace":1,"minecraft:stone_axe":1,"minecraft:air":0},"minecraft:used":{"minecraft:oak_log":1,"minecraft:birch_leaves":2,"minecraft:stone_pickaxe":1,"minecraft:wooden_pickaxe":24,"minecraft:sandstone":2,"minecraft:rotten_flesh":2,"minecraft:stone_axe":18,"minecraft:dirt":5,"minecraft:sand":2,"minecraft:crafting_table":2,"minecraft:furnace":1,"minecraft:oak_sapling":2,"minecraft:cooked_beef":6}},"DataVersion":2586}