{"stats":{"minecraft:dropped":{"minecraft:iron_ingot":17,"minecraft:porkchop":2,"minecraft:wheat_seeds":1,"minecraft:oak_log":1,"minecraft:oak_planks":17,"minecraft:white_bed":1,"minecraft:andesite":1,"minecraft:oak_sapling":1,"minecraft:iron_ore":2,"minecraft:wooden_pickaxe":1,"minecraft:beef":1,"minecraft:stone_pickaxe":1},"minecraft:custom":{"minecraft:inspect_dropper":3,"minecraft:mob_kills":50,"minecraft:interact_with_anvil":1,"minecraft:inspect_hopper":5,"minecraft:interact_with_crafting_table":34,"minecraft:open_shulker_box":12,"minecraft:leave_game":17,"minecraft:time_since_death":43152,"minecraft:climb_one_cm":12104,"minecraft:sprint_one_cm":483029,"minecraft:walk_one_cm":174383,"minecraft:drop":34,"minecraft:talked_to_villager":4,"minecraft:deaths":12,"minecraft:sneak_time":7144,"minecraft:walk_under_water_one_cm":794,"minecraft:jump":2802,"minecraft:walk_on_water_one_cm":7168,"minecraft:interact_with_furnace":38,"minecraft:traded_with_villager":1,"minecraft:play_one_minute":378971,"minecraft:sleep_in_bed":10,"minecraft:time_since_rest":3655,"minecraft:damage_taken":5898,"minecraft:damage_dealt":8328,"minecraft:swim_one_cm":1414,"minecraft:fly_one_cm":605183,"minecraft:player_kills":1,"minecraft:open_chest":76,"minecraft:crouch_one_cm":27665,"minecraft:fall_one_cm":93483},"minecraft:killed_by":{"minecraft:endermite":1,"minecraft:player":3,"minecraft:creeper":2,"minecraft:pillager":2,"minecraft:skeleton":2,"minecraft:zombie":1},"minecraft:killed":{"minecraft:witch":1,"minecraft:endermite":1,"minecraft:spider":3,"minecraft:shulker":2,"minecraft:skeleton":3,"minecraft:chicken":12,"minecraft:husk":1,"minecraft:creeper":1,"minecraft:sheep":7,"minecraft:trader_llama":2,"minecraft:pillager":3,"minecraft:zombie":6,"minecraft:player":1,"minecraft:enderman":1,"minecraft:cow":7},"minecraft:crafted":{"minecraft:oak_planks":152,"minecraft:tripwire_hook":2,"minecraft:cooked_chicken":13,"minecraft:furnace":2,"minecraft:shulker_box":1,"minecraft:cooked_mutton":9,"minecraft:iron_axe":2,"minecraft:ladder":69,"minecraft:written_book":1,"minecraft:stone_pickaxe":2,"minecraft:brown_shulker_box":1,"minecraft:chest":3,"minecraft:dark_oak_planks":60,"minecraft:cooked_beef":18,"minecraft:oak_slab":90,"minecraft:cooked_porkchop":16,"minecraft:crafting_table":4,"minecraft:wooden_pickaxe":1,"minecraft:brown_dye":2,"minecraft:brown_bed":1,"minecraft:birch_planks":48,"minecraft:stone_axe":2,"minecraft:knowledge_book":5,"minecraft:air":0,"minecraft:stick":192,"minecraft:iron_pickaxe":4,"minecraft:iron_ingot":7,"minecraft:stone_sword":2,"minecraft:iron_shovel":1,"minecraft:white_bed":1,"minecraft:torch":28},"minecraft:used":{"minecraft:purpur_block":5,"minecraft:stone_sword":146,"minecraft:iron_shovel":56,"minecraft:flint_and_steel":2,"minecraft:ladder":69,"minecraft:chest":5,"minecraft:brown_shulker_box":1,"minecraft:cooked_chicken":13,"minecraft:rotten_flesh":2,"minecraft:torch":44,"minecraft:dirt":90,"minecraft:anvil":1,"minecraft:snowball":43,"minecraft:birch_door":2,"minecraft:dark_oak_planks":10,"minecraft:iron_axe":69,"minecraft:grass_block":1,"minecraft:birch_sapling":2,"minecraft:dolphin_spawn_egg":5,"minecraft:written_book":5,"minecraft:oak_sapling":2,"minecraft:furnace":5,"minecraft:egg":2,"minecraft:cooked_beef":22,"minecraft:brown_bed":2,"minecraft:cooked_mutton":4,"minecraft:diorite":1,"minecraft:birch_planks":9,"minecraft:birch_leaves":2,"minecraft:stone_pickaxe":128,"minecraft:oak_planks":8,"minecraft:wooden_pickaxe":24,"minecraft:sandstone":2,"minecraft:purpur_pillar":4,"minecraft:sand":2,"minecraft:oak_slab":86,"minecraft:crafting_table":10,"minecraft:white_bed":3,"minecraft:oak_log":1,"minecraft:apple":1,"minecraft:iron_pickaxe":413,"minecraft:gravel":7,"minecraft:stone_axe":122,"minecraft:cobblestone":154,"minecraft:white_banner":2,"minecraft:cooked_porkchop":2},"minecraft:picked_up":{"minecraft:cocoa_beans":14,"minecraft:crafting_table":6,"minecraft:birch_door":2,"minecraft:chicken":12,"minecraft:lead":4,"minecraft:oak_stairs":1,"minecraft:brown_bed":1,"minecraft:purpur_block":5,"minecraft:string":2,"minecraft:iron_axe":2,"minecraft:flint_and_steel":1,"minecraft:iron_shovel":1,"minecraft:beef":25,"minecraft:written_book":1,"minecraft:iron_pickaxe":3,"minecraft:chest":2,"minecraft:birch_sapling":2,"minecraft:furnace":5,"minecraft:egg":2,"minecraft:stick":9,"minecraft:sandstone":2,"minecraft:purpur_pillar":49,"minecraft:torch":125,"minecraft:music_disc_mellohi":3,"minecraft:porkchop":18,"minecraft:diorite":1,"minecraft:redstone":2,"minecraft:stone_sword":2,"minecraft:arrow":14,"minecraft:rotten_flesh":4,"minecraft:brown_shulker_box":1,"minecraft:end_rod":65,"minecraft:mutton":9,"minecraft:snowball":43,"minecraft:white_wool":7,"minecraft:cobblestone":506,"minecraft:birch_log":12,"minecraft:feather":10,"minecraft:cooked_beef":1,"minecraft:andesite":1,"minecraft:leather":20,"minecraft:birch_planks":1,"minecraft:oak_log":71,"minecraft:gunpowder":1,"minecraft:dirt":90,"minecraft:white_banner":1,"minecraft:cooked_mutton":5,"minecraft:apple":1,"minecraft:wheat_seeds":1,"minecraft:stone_pickaxe":1,"minecraft:iron_ingot":56,"minecraft:iron_ore":9,"minecraft:fletching_table":1,"minecraft:oak_planks":50,"minecraft:oak_slab":10,"minecraft:gravel":7,"minecraft:sand":2,"minecraft:white_bed":4,"minecraft:grass_block":1,"minecraft:dark_oak_log":262,"minecraft:spider_eye":6,"minecraft:stone_axe":1,"minecraft:oak_sapling":3,"minecraft:coal":366,"minecraft:shulker_shell":2},"minecraft:broken":{"minecraft:stone_sword":1,"minecraft:stone_axe":1,"minecraft:iron_pickaxe":1},"minecraft:mined":{"minecraft:white_bed":3,"minecraft:dark_oak_leaves":11,"minecraft:jungle_leaves":1,"minecraft:dark_oak_log":97,"minecraft:grass_block":11,"minecraft:sandstone":2,"minecraft:furnace":4,"minecraft:iron_ore":9,"minecraft:fire":1,"minecraft:snow":40,"minecraft:fletching_table":1,"minecraft:oak_stairs":1,"minecraft:stone":358,"minecraft:oak_slab":3,"minecraft:crafting_table":6,"minecraft:torch":7,"minecraft:chest":1,"minecraft:purpur_pillar":19,"minecraft:tall_grass":1,"minecraft:cobblestone":11,"minecraft:oak_planks":2,"minecraft:diorite":1,"minecraft:wall_torch":7,"minecraft:birch_log":11,"minecraft:birch_leaves":5,"minecraft:purpur_block":5,"minecraft:grass":4,"minecraft:oak_log":39,"minecraft:coal_ore":148,"minecraft:cocoa":2,"minecraft:end_rod":27,"minecraft:gravel":3,"minecraft:sand":2,"minecraft:dirt":12,"minecraft:oak_leaves":23}},"DataVersion":2586}