{"stats":{"minecraft:used":{"minecraft:oak_log":1,"minecraft:dirt":1,"minecraft:birch_leaves":2},"minecraft:custom":{"minecraft:jump":52,"minecraft:time_since_rest":10686,"minecraft:play_one_minute":10686,"minecraft:leave_game":2,"minecraft:sprint_one_cm":9494,"minecraft:damage_taken":60,"minecraft:time_since_death":10686,"minecraft:walk_one_cm":2689,"minecraft:fly_one_cm":18351},"minecraft:mined":{"minecraft:oak_log":1,"minecraft:grass_block":1,"minecraft:oak_leaves":1},"minecraft:picked_up":{"minecraft:oak_log":1,"minecraft:dirt":1}},"DataVersion":2586}