{"stats":{"minecraft:mined":{"minecraft:grass_block":1,"minecraft:oak_log":7,"minecraft:dirt":4,"minecraft:stone":2,"minecraft:oak_leaves":3},"minecraft:used":{"minecraft:oak_log":1,"minecraft:dirt":5,"minecraft:crafting_table":1,"minecraft:birch_leaves":2,"minecraft:wooden_pickaxe":5,"minecraft:cooked_beef":3},"minecraft:custom":{"minecraft:time_since_rest":28054,"minecraft:crouch_one_cm":125,"minecraft:play_one_minute":28054,"minecraft:sprint_one_cm":34572,"minecraft:damage_taken":450,"minecraft:walk_one_cm":7536,"minecraft:sneak_time":77,"minecraft:mob_kills":1,"minecraft:jump":207,"minecraft:damage_dealt":140,"minecraft:leave_game":4,"minecraft:time_since_death":28054,"minecraft:interact_with_crafting_table":2,"minecraft:fall_one_cm":2496,"minecraft:fly_one_cm":54667},"minecraft:picked_up":{"minecraft:arrow":2,"minecraft:oak_log":7,"minecraft:dirt":5,"minecraft:cobblestone":1},"minecraft:killed":{"minecraft:skeleton":1},"minecraft:crafted":{"minecraft:oak_planks":24,"minecraft:crafting_table":1,"minecraft:stick":8,"minecraft:wooden_pickaxe":1}},"DataVersion":2586}