{"stats":{"minecraft:custom":{"minecraft:inspect_dropper":3,"minecraft:interact_with_anvil":1,"minecraft:mob_kills":77,"minecraft:inspect_hopper":5,"minecraft:interact_with_crafting_table":49,"minecraft:open_shulker_box":21,"minecraft:leave_game":23,"minecraft:time_since_death":4265,"minecraft:climb_one_cm":12104,"minecraft:sprint_one_cm":993251,"minecraft:walk_one_cm":346150,"minecraft:damage_blocked_by_shield":1966,"minecraft:drop":40,"minecraft:talked_to_villager":4,"minecraft:deaths":19,"minecraft:sneak_time":15408,"minecraft:walk_under_water_one_cm":1670,"minecraft:jump":4785,"minecraft:walk_on_water_one_cm":13468,"minecraft:interact_with_furnace":95,"minecraft:traded_with_villager":1,"minecraft:play_one_minute":590578,"minecraft:interact_with_loom":1,"minecraft:sleep_in_bed":14,"minecraft:time_since_rest":4293,"minecraft:damage_taken":9841,"minecraft:damage_dealt":14219,"minecraft:player_kills":5,"minecraft:swim_one_cm":3396,"minecraft:fly_one_cm":994197,"minecraft:open_chest":154,"minecraft:crouch_one_cm":50206,"minecraft:fall_one_cm":142551},"minecraft:killed_by":{"minecraft:endermite":1,"minecraft:player":5,"minecraft:creeper":4,"minecraft:pillager":2,"minecraft:skeleton":3,"minecraft:zombie":1},"minecraft:used":{"minecraft:purpur_block":5,"minecraft:oak_fence":2,"minecraft:stone_sword":146,"minecraft:iron_shovel":101,"minecraft:flint_and_steel":2,"minecraft:ladder":69,"minecraft:chest":8,"minecraft:spruce_planks":164,"minecraft:shield":27,"minecraft:stone":34,"minecraft:iron_sword":147,"minecraft:brown_shulker_box":6,"minecraft:cooked_chicken":13,"minecraft:player_head":1,"minecraft:rotten_flesh":2,"minecraft:torch":250,"minecraft:dirt":90,"minecraft:anvil":1,"minecraft:snowball":65,"minecraft:granite":6,"minecraft:birch_door":2,"minecraft:dark_oak_planks":10,"minecraft:iron_axe":536,"minecraft:grass_block":1,"minecraft:birch_sapling":4,"minecraft:stone_bricks":202,"minecraft:dolphin_spawn_egg":5,"minecraft:written_book":5,"minecraft:oak_sapling":10,"minecraft:furnace":11,"minecraft:egg":2,"minecraft:cooked_beef":30,"minecraft:brown_bed":3,"minecraft:cooked_mutton":9,"minecraft:water_bucket":1,"minecraft:diorite":2,"minecraft:snow_block":14,"minecraft:birch_planks":9,"minecraft:birch_leaves":2,"minecraft:stone_pickaxe":190,"minecraft:oak_planks":8,"minecraft:wooden_pickaxe":24,"minecraft:sandstone":2,"minecraft:purpur_pillar":4,"minecraft:sand":2,"minecraft:oak_slab":86,"minecraft:crafting_table":12,"minecraft:white_bed":3,"minecraft:spruce_log":43,"minecraft:oak_log":67,"minecraft:diamond_pickaxe":1,"minecraft:apple":1,"minecraft:iron_pickaxe":1258,"minecraft:gravel":7,"minecraft:spruce_sapling":35,"minecraft:stone_axe":122,"minecraft:cobblestone":320,"minecraft:white_banner":3,"minecraft:cooked_porkchop":18,"minecraft:andesite":5,"minecraft:bucket":3},"minecraft:picked_up":{"minecraft:cocoa_beans":18,"minecraft:crafting_table":7,"minecraft:birch_door":2,"minecraft:chicken":12,"minecraft:lead":6,"minecraft:oak_stairs":2,"minecraft:brown_bed":2,"minecraft:purpur_block":5,"minecraft:string":91,"minecraft:iron_axe":2,"minecraft:flint_and_steel":2,"minecraft:iron_shovel":1,"minecraft:spruce_planks":2,"minecraft:beef":25,"minecraft:written_book":1,"minecraft:iron_pickaxe":3,"minecraft:chest":4,"minecraft:birch_sapling":14,"minecraft:furnace":9,"minecraft:egg":2,"minecraft:stick":98,"minecraft:sandstone":2,"minecraft:oak_fence":2,"minecraft:torch":134,"minecraft:purpur_pillar":64,"minecraft:music_disc_mellohi":4,"minecraft:porkchop":18,"minecraft:diorite":6,"minecraft:redstone":157,"minecraft:stone_sword":2,"minecraft:arrow":35,"minecraft:rotten_flesh":14,"minecraft:brown_shulker_box":7,"minecraft:saddle":1,"minecraft:end_rod":79,"minecraft:totem_of_undying":2,"minecraft:mutton":9,"minecraft:rail":244,"minecraft:snowball":84,"minecraft:white_wool":7,"minecraft:cobblestone":1057,"minecraft:birch_log":120,"minecraft:feather":10,"minecraft:cooked_beef":10,"minecraft:tripwire_hook":2,"minecraft:andesite":10,"minecraft:leather":30,"minecraft:birch_planks":1,"minecraft:oak_log":258,"minecraft:gunpowder":2,"minecraft:lapis_lazuli":376,"minecraft:dirt":90,"minecraft:white_banner":3,"minecraft:cooked_mutton":10,"minecraft:bone":10,"minecraft:apple":5,"minecraft:stone_bricks":12,"minecraft:bow":2,"minecraft:wheat_seeds":1,"minecraft:iron_ingot":56,"minecraft:stone_pickaxe":1,"minecraft:iron_ore":392,"minecraft:fletching_table":2,"minecraft:glass_bottle":2,"minecraft:oak_planks":66,"minecraft:oak_slab":17,"minecraft:gravel":7,"minecraft:sand":2,"minecraft:spruce_sapling":35,"minecraft:grass_block":1,"minecraft:white_bed":4,"minecraft:spruce_log":85,"minecraft:gold_ore":104,"minecraft:dark_oak_log":339,"minecraft:spider_eye":18,"minecraft:sugar":2,"minecraft:diamond":6,"minecraft:stone_axe":1,"minecraft:granite":6,"minecraft:oak_sapling":39,"minecraft:coal":635,"minecraft:shulker_shell":2},"minecraft:dropped":{"minecraft:iron_ingot":17,"minecraft:porkchop":2,"minecraft:wheat_seeds":1,"minecraft:oak_log":1,"minecraft:rotten_flesh":4,"minecraft:oak_planks":17,"minecraft:white_bed":1,"minecraft:andesite":3,"minecraft:oak_sapling":1,"minecraft:iron_ore":2,"minecraft:arrow":1,"minecraft:stone_pickaxe":1,"minecraft:beef":1,"minecraft:wooden_pickaxe":1},"minecraft:killed":{"minecraft:cave_spider":7,"minecraft:witch":1,"minecraft:endermite":1,"minecraft:spider":7,"minecraft:shulker":2,"minecraft:skeleton":10,"minecraft:chicken":12,"minecraft:husk":1,"minecraft:creeper":1,"minecraft:sheep":7,"minecraft:trader_llama":2,"minecraft:pillager":3,"minecraft:zombie":14,"minecraft:player":5,"minecraft:enderman":2,"minecraft:cow":7},"minecraft:broken":{"minecraft:stone_sword":1,"minecraft:iron_axe":1,"minecraft:stone_axe":1,"minecraft:iron_pickaxe":4},"minecraft:crafted":{"minecraft:oak_planks":172,"minecraft:tripwire_hook":2,"minecraft:cooked_chicken":13,"minecraft:furnace":3,"minecraft:stone":262,"minecraft:shulker_box":1,"minecraft:cooked_mutton":9,"minecraft:iron_boots":1,"minecraft:iron_axe":4,"minecraft:ladder":69,"minecraft:written_book":1,"minecraft:stone_pickaxe":2,"minecraft:brown_shulker_box":1,"minecraft:chest":3,"minecraft:dark_oak_planks":80,"minecraft:stone_bricks":228,"minecraft:cooked_beef":18,"minecraft:oak_slab":90,"minecraft:cooked_porkchop":16,"minecraft:crafting_table":5,"minecraft:spruce_planks":192,"minecraft:wooden_pickaxe":1,"minecraft:iron_helmet":1,"minecraft:brown_dye":2,"minecraft:brown_bed":1,"minecraft:bucket":2,"minecraft:birch_planks":48,"minecraft:stone_axe":2,"minecraft:knowledge_book":5,"minecraft:air":0,"minecraft:iron_chestplate":1,"minecraft:diamond_pickaxe":1,"minecraft:shield":1,"minecraft:stick":280,"minecraft:iron_ingot":206,"minecraft:iron_pickaxe":8,"minecraft:stone_sword":2,"minecraft:snow_block":14,"minecraft:iron_shovel":2,"minecraft:iron_leggings":1,"minecraft:gold_ingot":52,"minecraft:white_bed":1,"minecraft:torch":208},"minecraft:mined":{"minecraft:diamond_ore":6,"minecraft:spruce_planks":2,"minecraft:white_bed":3,"minecraft:dark_oak_leaves":11,"minecraft:jungle_leaves":1,"minecraft:dark_oak_log":97,"minecraft:granite":5,"minecraft:grass_block":11,"minecraft:spruce_leaves":51,"minecraft:sandstone":2,"minecraft:redstone_ore":18,"minecraft:spruce_sapling":1,"minecraft:furnace":8,"minecraft:iron_ore":302,"minecraft:fire":1,"minecraft:snow":80,"minecraft:andesite":6,"minecraft:fletching_table":1,"minecraft:rail":116,"minecraft:oak_stairs":1,"minecraft:stone":549,"minecraft:brown_shulker_box":6,"minecraft:oak_slab":3,"minecraft:crafting_table":7,"minecraft:torch":16,"minecraft:chest":3,"minecraft:tall_grass":1,"minecraft:purpur_pillar":19,"minecraft:cobblestone":58,"minecraft:lapis_ore":29,"minecraft:oak_planks":16,"minecraft:diorite":4,"minecraft:wall_torch":7,"minecraft:birch_log":119,"minecraft:spruce_log":85,"minecraft:birch_leaves":10,"minecraft:purpur_block":5,"minecraft:grass":5,"minecraft:oak_log":226,"minecraft:coal_ore":264,"minecraft:cocoa":2,"minecraft:end_rod":28,"minecraft:gravel":3,"minecraft:dirt":12,"minecraft:sand":2,"minecraft:cobweb":33,"minecraft:stone_bricks":12,"minecraft:gold_ore":52,"minecraft:oak_leaves":66}},"DataVersion":2586}