{"stats":{"minecraft:crafted":{"minecraft:cooked_beef":13,"minecraft:oak_planks":28,"minecraft:crafting_table":1,"minecraft:wooden_pickaxe":1,"minecraft:cooked_chicken":12,"minecraft:furnace":1,"minecraft:stone_axe":1,"minecraft:cooked_mutton":9,"minecraft:air":0,"minecraft:iron_axe":1,"minecraft:written_book":1,"minecraft:stick":16,"minecraft:iron_ingot":7,"minecraft:iron_pickaxe":2,"minecraft:stone_pickaxe":2,"minecraft:stone_sword":1,"minecraft:white_bed":1,"minecraft:torch":28},"minecraft:killed":{"minecraft:husk":1,"minecraft:spider":1,"minecraft:sheep":7,"minecraft:skeleton":2,"minecraft:zombie":3,"minecraft:chicken":12,"minecraft:player":1,"minecraft:enderman":1,"minecraft:cow":7},"minecraft:broken":{"minecraft:stone_axe":1},"minecraft:used":{"minecraft:cooked_mutton":1,"minecraft:diorite":1,"minecraft:stone_sword":71,"minecraft:birch_leaves":2,"minecraft:stone_pickaxe":128,"minecraft:wooden_pickaxe":24,"minecraft:sandstone":2,"minecraft:cooked_chicken":6,"minecraft:rotten_flesh":2,"minecraft:torch":11,"minecraft:sand":2,"minecraft:dirt":57,"minecraft:crafting_table":6,"minecraft:white_bed":3,"minecraft:oak_log":1,"minecraft:iron_axe":30,"minecraft:grass_block":1,"minecraft:iron_pickaxe":10,"minecraft:stone_axe":120,"minecraft:cobblestone":4,"minecraft:written_book":5,"minecraft:oak_sapling":2,"minecraft:furnace":4,"minecraft:egg":2,"minecraft:cooked_beef":17},"minecraft:dropped":{"minecraft:wheat_seeds":1,"minecraft:oak_planks":13,"minecraft:andesite":1,"minecraft:oak_sapling":1,"minecraft:iron_ore":2,"minecraft:wooden_pickaxe":1,"minecraft:stone_pickaxe":1},"minecraft:killed_by":{"minecraft:player":2,"minecraft:creeper":1,"minecraft:zombie":1},"minecraft:picked_up":{"minecraft:birch_log":5,"minecraft:crafting_table":6,"minecraft:feather":10,"minecraft:cooked_beef":1,"minecraft:chicken":12,"minecraft:andesite":1,"minecraft:leather":8,"minecraft:birch_planks":1,"minecraft:oak_log":34,"minecraft:dirt":57,"minecraft:apple":1,"minecraft:wheat_seeds":1,"minecraft:iron_ingot":19,"minecraft:beef":19,"minecraft:iron_ore":9,"minecraft:written_book":1,"minecraft:oak_planks":44,"minecraft:egg":2,"minecraft:furnace":4,"minecraft:stick":6,"minecraft:sandstone":2,"minecraft:torch":36,"minecraft:sand":2,"minecraft:diorite":1,"minecraft:white_bed":2,"minecraft:grass_block":1,"minecraft:dark_oak_log":97,"minecraft:arrow":4,"minecraft:rotten_flesh":4,"minecraft:oak_sapling":3,"minecraft:mutton":9,"minecraft:coal":155,"minecraft:white_wool":7,"minecraft:cobblestone":27},"minecraft:mined":{"minecraft:white_bed":2,"minecraft:dark_oak_leaves":11,"minecraft:dark_oak_log":97,"minecraft:crafting_table":6,"minecraft:torch":3,"minecraft:grass_block":3,"minecraft:cobblestone":1,"minecraft:diorite":1,"minecraft:sandstone":2,"minecraft:wall_torch":2,"minecraft:furnace":4,"minecraft:birch_log":4,"minecraft:iron_ore":9,"minecraft:birch_leaves":3,"minecraft:grass":4,"minecraft:oak_log":34,"minecraft:coal_ore":113,"minecraft:sand":2,"minecraft:dirt":5,"minecraft:stone":26,"minecraft:oak_leaves":17},"minecraft:custom":{"minecraft:interact_with_furnace":28,"minecraft:inspect_dropper":2,"minecraft:mob_kills":34,"minecraft:inspect_hopper":1,"minecraft:traded_with_villager":1,"minecraft:interact_with_crafting_table":9,"minecraft:play_one_minute":210346,"minecraft:leave_game":14,"minecraft:time_since_death":59211,"minecraft:sleep_in_bed":1,"minecraft:time_since_rest":59478,"minecraft:sprint_one_cm":241640,"minecraft:damage_taken":3015,"minecraft:walk_one_cm":67476,"minecraft:drop":8,"minecraft:damage_dealt":3778,"minecraft:swim_one_cm":1414,"minecraft:talked_to_villager":2,"minecraft:player_kills":1,"minecraft:fly_one_cm":385625,"minecraft:open_chest":5,"minecraft:crouch_one_cm":2544,"minecraft:deaths":4,"minecraft:sneak_time":948,"minecraft:walk_under_water_one_cm":458,"minecraft:jump":1658,"minecraft:walk_on_water_one_cm":3141,"minecraft:fall_one_cm":57540}},"DataVersion":2586}