{"stats":{"minecraft:used":{"minecraft:oak_log":1,"minecraft:dirt":1,"minecraft:birch_leaves":2},"minecraft:mined":{"minecraft:grass_block":1,"minecraft:oak_log":1,"minecraft:oak_leaves":1},"minecraft:picked_up":{"minecraft:oak_log":1,"minecraft:dirt":1},"minecraft:custom":{"minecraft:jump":69,"minecraft:time_since_rest":17146,"minecraft:damage_dealt":23,"minecraft:damage_taken":175,"minecraft:leave_game":2,"minecraft:play_one_minute":17146,"minecraft:sprint_one_cm":11998,"minecraft:time_since_death":17146,"minecraft:walk_one_cm":3193,"minecraft:fall_one_cm":778,"minecraft:fly_one_cm":22793}},"DataVersion":2586}