{"stats":{"minecraft:picked_up":{"minecraft:dirt":10},"minecraft:custom":{"minecraft:jump":30,"minecraft:time_since_rest":3254,"minecraft:damage_taken":255,"minecraft:play_one_minute":6841,"minecraft:leave_game":4,"minecraft:sprint_one_cm":2273,"minecraft:walk_one_cm":21649,"minecraft:time_since_death":3211,"minecraft:deaths":1,"minecraft:fall_one_cm":1085,"minecraft:fly_one_cm":198},"minecraft:mined":{"minecraft:grass_block":4,"minecraft:dirt":7},"minecraft:killed_by":{"minecraft:zombie":1}},"DataVersion":2586}