{
  "minecraft:recipes/misc/charcoal": {
    "criteria": {
      "has_log": "2024-05-12 16:08:20 +0000"
    },
    "done": true
  },
  "minecraft:recipes/building_blocks/birch_wood": {
    "criteria": {
      "has_log": "2024-05-12 16:08:20 +0000"
    },
    "done": true
  },
  "minecraft:adventure/root": {
    "criteria": {
      "killed_by_something": "2024-05-12 16:08:43 +0000"
    },
    "done": true
  },
  "minecraft:adventure/adventuring_time": {
    "criteria": {
      "minecraft:forest": "2024-05-12 16:06:10 +0000",
      "minecraft:desert": "2024-05-12 16:07:47 +0000"
    },
    "done": false
  },
  "minecraft:recipes/building_blocks/birch_planks": {
    "criteria": {
      "has_logs": "2024-05-12 16:08:20 +0000"
    },
    "done": true
  },
  "DataVersion": 2586
}