{
  "global:amcrafter": {
    "criteria": {
      "trigger": "2024-06-11 19:40:29 +0000"
    },
    "done": true
  },
  "vbc200:enj": {
    "criteria": {
      "requirement": "2024-06-11 19:41:09 +0000"
    },
    "done": true
  },
  "global:root": {
    "criteria": {
      "trigger": "2024-06-11 19:40:29 +0000"
    },
    "done": true
  },
  "nitk:nit": {
    "criteria": {
      "trigger": "2024-06-11 19:40:29 +0000"
    },
    "done": true
  },
  "minecraft:adventure/root": {
    "criteria": {
      "killed_by_something": "2024-06-11 19:43:59 +0000"
    },
    "done": true
  },
  "global:better_boss_battles": {
    "criteria": {
      "trigger": "2024-06-11 19:40:29 +0000"
    },
    "done": true
  },
  "global:kanokarob": {
    "criteria": {
      "trigger": "2024-06-11 19:40:29 +0000"
    },
    "done": true
  },
  "minecraft:adventure/adventuring_time": {
    "criteria": {
      "minecraft:forest": "2024-06-11 19:40:29 +0000"
    },
    "done": false
  },
  "DataVersion": 2586
}